accountID,accountName
4312812040,prollybusyreadingg
4302250507,Eustoma_Reyna
4316780216,POCKY_MOCHI
4312065813,NoNameUser
4320425204,Aa_C_4676
4307685758,Mel_99
4314237156,GingerAllieAne
4321544972,raya_sisu
4309361554,asianbeauty
4321496423,Simmi_Gupta_Tuli
4321477897,PeytonSmith
4317874284,Lonely_Nana_
4324306813,witness_cherubim
4304351162,KittyRaghav
4323372236,shishylouise
4320569228,kaoffie_44
3456765017,UnknownReader123
4315772246,jacksnwn22
4318716570,SOe77_WN
4325388533,DaoistCnPyXT
4301288548,RatDotoKing
4316124769,BigManGuts
4300007542,DamnPlotArmor
4313251734,Z3R0_S1L3NCE
4300163965,Bored_Monster
4310656685,DiperZ
4320969491,DaoisttG3KuY
4306596376,kcorny
3353665542,MoonLord
4300315073,SkiIIzrock
1988600673,Tibbles
4318665057,Nathan_Doku_0425
4300834559,Crazy_Cronie_1
4309383509,Nurturegodrealm
2009484464,Wman
4319786075,Kw0z
4316191464,MAIDENLESS
4300403324,Nadare17
4312040019,Rakib_Hasan_0001
4305569507,Own
2791560785,t3ksp3c
4312886082,Poisontester_Vc
4301728235,Davros92
4304092385,Werebare
4300517268,EternalAngel
4300198094,Prime
4302546507,SleepWalkingMan
4307916230,MrNewbie
4300831463,Darius_Chromwell
4300669090,HellsGate
4306749027,Montuixote
4301590162,Triggerz02
4301107787,BlackFan
4305661257,Sin_of_GREED
4314334004,Divine_rod
625267550,TheDeathmail
4305667663,Fish_is_life
4304618723,NeonHasbro
4307882676,Blazing
4319897847,Fast_Reader_5673
4318133323,NandoFalske
4315619625,DrHitsuji
4318977094,Trollwoman
4318897148,brother_of_Thor
4320243498,Nassarrr
4306268434,Syphilitis
4320691388,Doufin
4320276786,Monke232
4303090064,Thesilverderp
4304862796,SCP_009
4316490411,Zoe_Ranouil
4323603260,DaoistLwCnMT
4324467961,Duke_night
4324001079,RaymondRosales
4324078909,Lunisyn
4323942447,Dan1s
4318911911,DaoistecwfFH
4315372868,YoDaddy
4319406141,FF_AIM_BOT
4322915477,GoneForever
4313843176,Christal_De_Castro
4311568669,Jen_I_Fer
4302156066,chinawa
4321005672,TrickyReader
4318391196,_Agatha0_
4315312997,edi_o
4318496656,Lilystar
4316907589,Sacoguns
4312155332,infinite_sins
4312801629,sliceoflife589
4303741977,Amintha12
4314144293,Patty_PM
4319000422,MAKMAK
4303142449,cute_dami9
4316582476,Melissa_Johnson_0326
4315567001,Andyson_Lindyway
4321751380,snoww1416
4313946199,Lapekes
4307976771,Syddny_King
4319923663,Glory_Anedo
4301418404,SexyDonut
4302010468,Drury
4300423322,Fiaran
4301994288,Kefvin
4153706117,Obsidion
4302088397,Zelinker
4304764907,The_Good_Devil
4307693921,Fortigan
4310365859,Wolf9
4308959556,Rhysmer
4305496668,4thSeeker
4307667381,S4ber
4302709520,TheOrdinaryDao
4310257300,Blurry_Eyes
4300261961,crof
4308117354,Slender0311
3332307568,MiMz
4301328988,Fire2112
4305950423,Iamkrazycat
4316957907,Baka_Berserker
4314680461,Last_Melody
4320490659,SnowLynx
4300268021,Eddicted
4302851375,AutoChaos
4300994361,Demonic_angel
4318152439,Retr09007
4315043722,CelestialAlcoholic
4311548042,tired123
4309476822,AnnaMark
4303066157,Missrealitybites
4311833031,Trent_4485
4317491400,CarnTheSlayer
4316624181,Sasi_Soman
4307505648,TokyoAnime_Seven
4312313187,_rafa
4313709981,0RAC1_3
4316118575,Coconut_Head
4055776606,Leoff
1176412642,raptorfalcon
4302645930,MoreMercury76
4314013618,Aden_Sky
1853362510,nintendo64
4300236669,Zackking
4317006659,Mr_P1geon
4314051412,CorrosiveNetwork
4310252723,AVi
4311693607,tuxakert
2656031418,96Viz
2029839594,ProfessorofCulture
4300154084,Wolfson
4322557436,Noufumi_Iwatani
4310021935,Glezeri
4300151124,Vastoking
4316413043,Masterotacu
4317071643,IllusoryZephyr
4323011733,Marcus_Marcus_Lpt
4301203123,Les01
4300212121,Immortal_Helix
4302769193,Rose1001
4301215080,Naria
4302293726,sara7777
4307531801,Jessica_Lyn_Lewis
671540871,Akaira
4315172711,Landaeh
4315376422,Renee_Myette
4304097478,pcchoubisa
4301519587,iamqueenie99
4303949282,CindyBear
4306412587,Daoist287441
4315848073,Karen_S_Sergent
4315541346,IDee
4308517466,Sky_Andersworth
4308810310,Kimyatta_Williams
4300371920,Fille22
4302089814,ebibebe
4302266688,Farhida
2257630782,Shadowdracul
4301965409,noBiggie
2658615282,Zaver
4300888523,Rumon
4300652771,Zealtos
217889710,DaveOV
4302576496,Doesnot_matter
4302476051,Cloud999
4300472172,Ryuusei369
4301015370,CocoaButter
2904283830,GingerClanger
4301037751,ANONYMOUS_SHADOW
4302223396,Acanoooo
3776433859,bredel
4300164524,KaidoDLuffy
1630424541,Miksenoj
822316554,TheAncientOnell
4300314758,Chocolate123
4300632846,huahua
4309782688,Alexis_Tanner
4301173104,Roses6_ba
3259159701,Immortal_Goddess
4323651284,Bella_Jean_3383
4308709033,TackcaT
4323705578,Joe_Roderick
4313089323,Roxanne_Woods
4309197171,Winnie_Lau_9799
216716876,Tashady
4311325823,Alda87
4317375680,SanchezMague34
4303145756,bearhooser
4323661999,Diana_Flores_7527
4323238500,WSmith17
4305321399,animelover1477
4313160545,nychta
4307712873,Synore
4316690090,Emelyyn
4311277116,Adui
4312265527,Kenneth_Handsbury
4306339980,cip44
4310389001,Yveleti
4300453228,MiddleEastern
4300935040,TrueGodOfExp
4312957012,NakedFury
4300543640,LordRhyolith
4313630696,MadAuthor
4311762287,A_person_4016
948380836,Daoist_Zhang_Dao
3662524763,louisjacq
4307036584,Movezbatch
4300631655,Alex1911
4300709206,YourMaster
4305096441,Botboi
4300523517,CasualWeeb
4316710568,DaoistM9crzI
3282103139,flycrane01
3777806222,WindReader
1566676820,thestatsguy
4300336758,Daoist_Jie
3764491799,Costi
121294810,LostEra
4300142679,9.2E+17
3933220054,Rhythm_of_Regret
1367872246,CalvinCopyright
2399297340,Lswarmruler
3273117626,Peaches
1705042176,DodgeChance
4300012312,Supreme_Tamatar
644732528,NivoXZ
1527816,ArrogantMastermind
4300201769,Luc12
124620614,Kisonder
4300917173,Ariares
4300202108,Tranqui1ity
4314372950,Zulu2018
4318080129,ebony_
4312028145,Anu_4926
4320023570,Ritika_Chowdhary_2304
4301175794,Aicirtap99
4310363370,Palak_Goyal_9378
4322412833,Div_Ya
4312303276,Natalie_Maldonado
4323197970,a1000years_with_u
4312624042,FriggenSneks
4321734135,Kai_Red_8183
4323588943,htkirbychad
4320707150,Z_Orion
4315559417,Charlzie
4313183632,Daniela_Genti
4316958109,nova_beili
4316264671,DaoistPfwPYu
4320635031,AleeqaC
4311524617,ChromeLagQing
4312360050,NiceGuy
1965870534,DigBick
4300023761,LordInsanity
4300438108,WorldDeity
4312805939,Xhaare
4317591345,Vada_Jude
4312454887,Akame_Zero
4300945896,Le_Bob
4316376853,Reden_Hucamis_1340
4311842339,Chickenman_manz
4303021140,Kurdi123
4310398931,xpired_sin
4309791438,SAGE
4307704880,Dreamer_1297
331776235,Weirdo
4305559173,Coliflor
4318576087,zFlame
4301159638,Iudiciis
4307471853,crownedking
4305978920,PleadingCat
4318664931,anime_logics
4315010845,A3ther
4316295955,Ori_King
4315538501,Immortal_Nova325
4307822765,Kr0n2
4321236669,Crimson_Reapr
4312580208,Palea
4301359725,V_Avhiy
4304467335,AzureConqueror
3218282057,Amatsu
4322031842,Koyotie_V
4322519748,x_ChaosFeedz_x
4318822419,Akamashi
4313333051,Hadrians_Walle
4323541523,Abyss_Edge
4301086615,Sorenmageofmareth
4319104818,Kepstyy
4312730412,Kaishepard28
4319474836,Queeniecat
4315028803,beloved_writer
4318389289,Professor_slaroM
4316929600,Shooky_VSiga
4315915770,Vienna_Gu
4322570694,Moth_Wings
1328273271,ScholarMaoLaoshi
4306782958,HANA_4345
4313706940,Lancee
4325811897,orangemeow17993
4316719562,Raine
4323114903,Levin_Weaver
4321857326,chocofrywarrior
4316902847,bubblebunnytea
4319430295,Lavendelius
4316547988,Fialova
4317261224,Okami_Aquila
4316611101,KatS2020
4317658198,Moryoll
4319437467,Aescwine
4314063776,easyread
4315867787,Messier
3079873797,Kapteyn
7614402,Blackwater
4301091943,Duck_God
4310081003,krialder
4300584247,ReadingExMachina
4314620054,CodeSpectre
4315971293,I_like_salad
4314579788,Gaureeey
4314097097,emashes195
4315469903,GodOfDogs
4300607324,Shielle
4314258487,Avast
4314838069,LoyalCultivator
4300651482,Denzel_theking
4315054169,HintermeierChristi
4300045533,GhostZero
4314112879,Anthony_Hoff_0095
1209125832,NinjaSkaal
4134900754,Ananya
322198476,azunyan
759398501,Daoist_Evernight
499901673,JustaNovice
558997975,Satella_
4300268375,Nizze
4300012207,August_Rayleigh
4301262414,DaoistRainblow
3889225455,Odriew
4300847969,LarkTreblig
4300448877,Kevin12
4300680432,Roktah
1732558337,OverpoweredDaoist
1110136388,HatoYin
2073164100,LordeSuoh
4301043885,Adypoker
4300612688,Helvetica_Standard
4300729034,InvicibleGod
4305950786,AllGoodNamesRGone
4302147339,Shady41
4308047007,Nyxarias
4303340674,Bonjoel
4306641864,HajimexYue
4301121424,NewManagement
4308599232,waVee
4309080436,BrokenBrain
4303608290,Oto
4300986380,Ahs_549
158652881,alveron
1088153873,Midnights_Slave
4311419188,Cepheus_7439
4309111892,Traps_Are_Gay
3563969873,LurkingImmortal
4307469962,Senior_Black
4304994482,Hikik0m0ri
4317729280,Killaruna
4308857679,Sparky1323
4304490864,PsyberRose
4301240653,Serinity
2159802193,Daoist996601
4312827067,lollita88
4305930049,kalins368
4301739595,merry79
4306225286,ENNY_FLOFFY_BUNNY
4313464072,Feyikemi_O
4322748941,LucyLu_
4303715817,luhluh19
4306754278,BeachBum_8899
4304997078,coldplay01
4314621322,duo22
4306984584,yongjae
4323498509,angga1990
4312464810,Abby_Denton_0075
4305511201,
4301960237,Deadlock143
4315707154,Ale_Eonnie_98
4308054127,Drip
4316478253,Teddy_910
4301128092,InHisName
4300167234,Apostle_of_cthulhu
4313634285,CacackleLasson
4310228404,Claire_Kingz
4306266605,Hit1903
4311679439,Cookie_the_lost
4306018432,kiddeath1998
4312937591,I_am_DWB
4314501226,FangYuansGrampa
4313313711,1_0Rawkth1_0
4303521346,SitOnBread
4311738307,Men_of_culture
4310540971,BL00DY
4315286269,Krusty_Kruster
4315402547,Ray_paul
4300244062,Yolo_Natss
4301275090,LostSoldier1
4306613154,Kamatis
4310687167,TheGoodAce
4308774994,ClaireYsabella
4300171069,DeMolay
3166382108,GianP
4302946128,SilverArcs
2393498627,El_Shadi
4310608649,AshWritesThings
4306680911,ch3nn
4302564515,Aoalbjorn
4309269458,Hwakin_Dong
4315496423,BoxTorto
3803418550,Kergonan
4302902766,Kagewarrior
4311272636,Sakura_Yamamoto
4306576142,TheCabbageLu
4307336307,Mr_parsa
4304357912,serenawaldorf
4314149561,Joe_flow
4312547096,Scarlet_Feather
4313839891,DelzGB
4319357758,Sagow
4316359318,DragonAmongMen6942
4321320548,TheKabow
4315763305,Scysir
4321269247,WowistZ
4318282741,Oswaldjosue
4320508525,Daoistqp
4309565470,ryanisbreathing
4316591108,darkgoddess1
4303350519,Korstar26
4320146049,Arimas_left_nut
4316685256,DrekD2
4327580599,rapoya76
4322904312,Kaniu
4324682553,rexehay839
4322644721,Fizonel
4320689815,Painspider
4318777093,Highlightsf
4319966913,SinLucifer15
4313229687,TheArcher7
4313806238,Derpnerd_114
4318884440,oldaccok
4316122913,OmnipotentChicken
4311736696,Reallyker_101
4300240885,Genjisan
4313834607,nightreaper126
4316193819,TuscAny
4313029948,Meliodas1215
4314430646,ZeroSyntax
4314527595,dSaruk7
4305746909,aiyalle_gandoza_1428
4303183125,MiSsMaYa
4316839639,yug_moto
4300161317,_Sylvia_
4313238906,HuddleGuddle
4306225096,Belphegor_Sloth
4316170271,Romesh_Chowdhury
4313837252,Mathieu_Ignacio
4300171697,GoddnessQueen
4300103636,MagikarpBombado
4302306431,MissIcycel
4313109415,Shoab_Ahamed
4314136573,JustMortal
4315802323,Monarchofchaos
3612864840,EtherealStar
4313382024,Zerga3
4311766684,Nyareh_Grant
4315859557,ediushshshs599_1
4306738564,GREAT
4302496971,divinrth
4311684689,AshtynKC
4300821094,DanversVictor
1437757410,JudgefulCat
4302843026,2.01289E+11
4313875674,TheGreatest1
1547843435,Leahh
4306121269,pearl_tegal
4315216890,YinYin_9314
4321538013,Silver_Xch
4311462846,Kitty2Coven
4303099289,DRACO137
4300030259,danae939497
4301361569,JenniferG
4301377551,DeepThinkingBanana
4321933031,CQuTC
4316917111,Mint0000
4321212170,C_M_5263
4322095062,Dana_Lawson
4302650070,KittyCov
4326782221,anne_mckinley_5334
4321085897,Angela_Kamei
4325333242,Shaiza_Apple_6833
4313276534,Shaiza_Apple
4322467106,Fartuna_Maxamud
4314923588,Colr_Gren
4302680943,Fealtad
4314524562,MajidX200
3533527358,LtBeefy
4316232071,DaoistJHEy0Z
4301206122,sdfgbnmhg
4300856006,Alanray64
4314105633,UnholyStarke
4307684894,Heepaa
4321288168,Commander_Conquer
1381286265,Seraphim28
4317562856,SpacialEagle105
3424727418,kassa
4305685251,Rappel
2377226093,Electron
4308260009,Theoritizer
4316703532,SperenSilverblade
4315782079,BigBoyJenkins
4315244440,Divine_univers
3760231108,IdiotRick
4318565877,Jorge_renteria
4312908257,Everythingonurmind
4318578286,Ainz_owlgon
4303192459,Lucifer_DXR
4320030767,MogeIman
4302679083,mnc777
4320780737,KarnaSunGod13
4318571929,nasser_elsh7at
4323311589,Fyoodor
4323559951,Night_spirit
1086664012,Kvothe_the_wind
4323355441,xXThe_great_foolXx
4323250845,Labraduble
4318283350,Enchants
4318568153,noro2001
4317699003,King_Naza
4326784364,Kamal_sultan
4303324064,Turpz
4312870831,Sudhir_Shukla_3552
4320171768,HATEMESOFTLY
4311266974,lullacy
4321842819,charredcarp
4309876663,ReadingFiend
4317062288,Roasai_Willow
4316013309,Rotten_Potato27kg
4320462337,Yan_Xi_Long
4302914825,RebeccaJWW
4306075637,Vee_97
4307690250,MuRuyan
4302364987,Gallant11
4320827261,Marymie_Dumael
4309263571,Danielle_Kelley
4304818297,mrsmama
4314086823,Stacy_Carter_2525
4305645008,Beziik
4307693459,ErickDellafiore
4300704749,AraAra
4305488074,READERofBooks
4307152509,Vrethragna
3674742125,zhenlo
4311306594,djumbo
4322612419,I_Only_Love_Milfs
4315708596,Fantasy_king
4302303623,WISEDRAGON
4305541442,FLOOR_GANG
4301579548,dream_channel
4318854010,Sancreed_Makau
4300164196,Kritiko
4312983341,Griefer_God
4307685306,sgman_rocks
4300471437,moddddddd
4322068919,LonelySpine
4304383212,Sad_
4310215490,ToxicAppleCore
4306458436,Antonia_Small
4306721188,LadyAdhara
4318556432,X_X_I
4300160791,HaneruChan
4315629027,BlueDragon13
4320459067,BoriCats
4317581432,Emily_Lin_0782
4310940566,Liza_Patra
4313673021,oirCheerio6
4310286162,Shreeya_reads
4318144050,Hayley_Anne_Owen
4311936145,Jacqueline_Bryant
4305738412,Paripreity
4300514202,jbelen
4302325332,kimz929
4306382670,Vasiliy
4300297174,Am3lia
4316068689,choodiscool
4305853576,Ankita2599
4315369509,Wallflower_Monk
3116884410,lonelyjesse
4310043705,jialingy
4310949782,nadia81
4305052365,peeyatotz
4300472657,Phydeaux
4301090148,okiepanda123
4305292194,vivianik
4300309437,TARNZ
4315420226,Lavvy
4306737568,shuixing
4301627146,Aafy
4300110398,Elera
4321959519,Mad_Hatter_J
4315609127,CeliaNaya
4315059871,Clara0311
4316514019,26stars
4323398194,Aafreen_Aadam
4316228787,LazyassSalted_Fish
4319488437,Zutara_For_Life29
4315904141,Ari_00000
4316377032,JustL89
4323522302,DarkenedWorlds
4323764230,creative_killer
4307498513,San_0810
4321112037,DaoisteSODKO
4314555771,Nicholas_Costa_2989
4320444041,astro_fy
4308562495,JuniorKittenZya
4312754301,Larissa_Bazilio
4306738255,Anna_santos
4319774597,iLoathHaremRomance
4309492157,xiaohai_23
4318226254,PetiteSnowdrop
4304147866,Smiillleeee
4313057585,Santra
4315637718,Kelly_Starrz
4306957747,prada_murthy
4319621443,vatarison_Project
4304989326,Lazzyname
4304633267,Amaira_Knight
4311928418,precious_pruddy
4300022341,Golda
4316601117,Elle_Lynn
4317269968,tarot_iste
4319814700,SilverLuna10
4303266168,laura_29
4312722523,tanu_sam
4313465717,marichat_nettenoir
4308973179,johan_ne
4310616241,Vivianna
222845380,Azunyan
4300359516,Unchainedx
2061946164,DabanCrow
4300247295,exceed12
4310727111,WN_Enthusiast
322865236,berxeq
4300169449,sixerninerfives
4300143191,jhingxd
4300448930,Brezer
1657837878,CKtalon
4301488450,mousty
3975132076,SilentByakko
2683986193,plastic_doll
4300028128,A_Canadian
4300252538,Ice_Sovereign
4304152957,AverageWannaBe
4304762383,I_am_Titan
4307981529,hamad_mohammed
4304266241,UNKNOWNS
3588196474,Lightscribe
4314754132,Kaveesha2_Gimhana
4300164332,bahe
4314056295,WhYDoIEVeN
4312894709,Hora010
4315563190,JuanRivera
4317799273,Dokja_49_51
4313654511,Xenoveia
4318813698,Kaniion
4302180506,InvalidUN
4315516003,Sorrest_
4317433041,MoullMahraz
4313803902,Enticement
4317574286,Creyd1317
4319294870,igniszzzz
4313789865,TheWandaShip
4311099474,BigMarch
4316915798,Michele_Mays_7238
4312566571,potato_god
4319813650,ScholarlyInsomniac
4301721321,minha88
4311055954,RatselRiya
4309103090,mzsuga
4300002083,YulongYuXianTaiyin
4301063463,ResidentialPsycho
4315627783,Okwa_dat_Igbo_girl
4300028557,Tannychan
1271820486,Mute
4314112036,chanduy
4305212940,poppieeeeeee
4301265864,Noskcire01
4306031775,Et_gally
4319797967,esperomejorar
4320775829,Anabel_Cuizon
4318778211,LightBulb101
2997232819,kenshin_x
4300163301,Dragon_Watcher
4301939647,rosembgarcia
440175654,silverlightning
1126206860,Leslie
73484049,Daoist_Zheng
4301257062,Yamen_Sabry
2352125905,Sirocco
4300291155,Dugdimadome
630374593,SolitariusLupus
4300928701,Goldmember
4254873048,xurimx
3810154307,bayu_toya
4302719185,daoi13
4301074377,kennykangaroo2
4300004665,poopidoda
4302917341,yomiace
1529178790,Gilhena
589783845,Simple_Otaku
4300255603,thuynh7428
4310984705,ruffatorres
4317715791,Najad_Sahari
4304906392,fairyeon
4313288398,Dollsy_Penns
4317923366,Team_Cabs
4319632188,DaoistRXwcRg
4318005420,Leigh29
4318017992,phoenixrising_2829
4315196478,i_did_this1st
4305366844,CatsLoveBoxes
4317447024,LiveBrand
4317626877,Francelyn_Lugao_1755
4303173952,ayetygirl
4318281077,56098h
4320780526,Priyanka_Sharma_4247
4319741422,Jennifer_Peet
4326712915,Karin_Robles
4315938968,kosing
4300197610,rezakautsar
4300146396,trick_or_treat
4314226829,kuriosoth
4301082623,fantasyhybrid
4302509499,IntanLestari
4305942556,WriteSpeak
4314878144,Blasphemera
4310405174,Yash_Mayank
4319208019,Daoist8M7jf0
4302782318,Rina16
4316705235,Shayla_Kielczewski
4310013557,Dao46
4305403119,DemiUchiha
4303153199,haila2907
4314048470,Anphire
4318577392,nightmare8
4312758670,the_lady_doth_NGAF
4302830034,Yokubo
4301458821,94owl
4313393019,Miz1_BeMo
4319775162,HeraDoesYoga
4316057856,MaKulitz
4318116183,Mystico
4314192391,meez_ee
4317579139,DaoistGhm2Bc
4315152310,T_Gandy
4311050536,NYVA76_
4313542195,CassieT
4309577684,Dizzy_Flores
4319570076,Baby_Lyn_Manuba
4304343304,ranimah
4315552081,Sam_Anthony_0775
4306547847,Galetron
4300455137,Wendysyri
4304385634,Seche_signet
4302072249,lostemm
4313187993,Hurricane_12
4314021239,Dalina_ladybug
4317320410,Taneisha_Deans
4321667726,Deidrie_Johnson
4319238800,Read4_Fun
4321290244,She123
4300818521,schibi
4317866107,Samm_Joo
4317817219,Mague_Sanchez
4305512985,PhoenixDream
4310571658,Ben_Gomes
4306722498,MalikaChatterjee
4315831556,William_Tex
4302804676,EphemeralKaos
4316223995,Qafar_Jhon
4320322656,KingDew
4310550420,OGPROWillie
4313505474,Thanatos0925
4317950086,Valu_Loufiimai
4321777866,ascension
4320175186,MyghtXD
41329028,WEBUniverse
4305968855,valient_vicky
4314032675,Thee_AngryBird
4317760599,canadianguy
4312258835,Nathan_Golder
4315827507,adam_Robles
4317967529,Jason_Ruggeti
4323120617,Frosteddoggy
4318587963,ArkonKnight
4314822754,RosoviyR
4307245141,Hateful_Fellow
4300349305,usman7881
4300687701,Daoist_Red_Reads
4316669110,Six_faced_
4300246221,Bromelth
3186021814,free_life
4314545886,GregLikesBooks
4306154175,AstraCelestia
4313609485,VasiliosReid
4301372263,solracmar
4314777176,Masson_Stephenson
4314034831,Basit_Nisar
4322548664,Ashton_Denton
4300159475,Imt_Shaz
4300323806,Mmmmaa
4309965995,NovelDreamer
4314056634,B0nfire
4323574307,Kngcj02
4320533691,Brenda_Lensmire
4311777346,Ziggysmom
4320616929,Ashley_Scott_1163
4300050082,emibear
4316923832,Pamelajazzz
4314314662,CassidyCassy
4319690223,Eveerdyn
4313213726,loverreader9
4302006556,scissors04
4308976831,alsya_0190
4305310445,yan07
4316309893,Shanaya_Bansal
4319375444,Daoistl69T3x
4322904497,Icezoot
4316717262,anushkaPaliwal
4319997009,Chibi_9139
4316743370,Danita_Butler_Fish
4319102428,Jude_Jit
4320082509,Lorie_Turnbull
4300105113,Wolfram27
4300704401,MythicSnow
4311652505,Bread23312
4308834295,CorvinCorvus
4307495828,Fixten
4316794832,William_Litsch
4305977821,ellezar_g
4316459782,Lovidicus
4318865282,ctleans
4305500224,MizukiTakana
4317292085,JasonNotCrying
4312107986,InSC
4313836833,ForceRecon
4315375922,Fire_Shooter
4303454858,Habab
4306561850,L_y_n_x
4308803825,Nera_Noctis
4316111450,Nomnomnom_
4314778652,Allusive_King
4303460157,LORD_OF_ORIGIN
4308998612,Roon_Toon1
4300571491,nuticracker
1281611115,Lazy_Prince
1496069751,SirLobo93
4300789645,WhoSaidImNotanMC
4304704094,torrelsav1
4300895076,ThatGrassIsGreener
4300156760,ImmortalXuanWu
854675323,Karuma
4300750288,Tofu_eating_Cat
4305519065,VIS_puri
4301176321,Ajmal786
4305974037,crash_hitter
4310008570,Krisavq
2919036949,MyrdalHerseim
4301214327,Mystery_22
4310805652,ElegantForest13
4310414255,Ria_Sen
4301054039,Winters_Rain
1353196043,_Ocelot_
4301028304,brjxviii
4306208324,Twinkle_Night
4301555350,girllovenovel
4306752395,Zeenath_Trip
4305926252,Super_Girl_Edits
4301538153,softmist1002
4310440901,ana_martinez_3477
4310509513,elephantdinolove
4301603006,avidreader1
4312079420,SHIINE
4301498670,hanplum
4311702478,Nikte_Gongora
4301794373,TinyHeart
4314563632,Simone_Hill
4308719625,uflesh940
4307911439,gaminologue_lebeau
4316411807,Truck_Samaa
4306680583,GifflarGod
1418693657,Zen_Master
4300595062,UkuleleMango
4306289262,tianen
4301667334,ragnrok
4309385769,Someone_Or_Other
4321308281,Lukashubm
339543840,Farue
4196471082,Ignotus
4307724771,LordJ
4318302111,Noctifer_05
4321257746,YoungMasterZ
4301839771,Alhazred
4303603211,Jkesse
4311012613,Allenheim
4318633730,Mathdebate
4310279071,scifiistheway
4317420472,I_am_fucked
4304964052,Rex_Harris
4300828018,Chaosreigns
4317984686,AnonymUser
4314857068,Justowenbeingowen
4323191272,Marcos_Souza_4834
4301302396,MC_Darwin
4318205573,DaoistgTIhPf
4322515123,TheRoman
4303399482,Shikonne
4319406608,Chonkermaster
4304468101,Venoex
4323433655,DaoistOFYIQy
4028465784,Faceless
4323188391,Fero_Germanicus
4312420342,Kralle_2
276233075,navre
4307858571,Sword_1mmortal
4300024410,NoobLord114
4300533643,Arduril
3987414007,90Bry
4318655787,DaoistZdxwmt
4301046687,Salty_Biscuit
4314806180,DaoistdYFFXc
4300586513,ObliviousW
4316372467,DaPashini
4313885151,Milak_Peter
1971485515,Happyftw
4319507778,Blockshot
4301172468,Imperial_Crest
4302554948,Karlsin502
3287472367,shashumga
2428149775,anjan011
2059544340,Cruel
2182401362,Reached_The_Apex_
1673482789,Randomz
4225112823,rolov
3120086264,cbfooker
3797702435,Tiberius
4300243540,JPNovelFan
4300387002,ZenithSeeker
1151879350,kane_gami
2576648740,PurpleDao
4300248707,DeanZ007
4300073235,Arrry
1158611408,Embeoh
4300637096,FormerMegane
1548685763,Bigi
2307867184,ByeFelicia
1245394339,shubhenduanupam
490356937,Billdoor
1402447219,AzureDragonLord
1434375187,Zeraphin
4300027664,Ginabut
4300286486,Macoy826
4300010570,MullberryAid
1953450411,Daoist_BookSeeking
2985941284,RApollo
2540084113,Fleeting_1
4301892251,ayanosuke01
2837816218,PlotArmour
2781124946,LazySaba
4300643834,Alsreal
1537330206,Winddragco2nd
4300856818,TheRevolver00
4300022549,BrianRoberts
4314702898,okaykaykay
4304977396,CoGVenjo
4310190014,Blanket_love
4314554738,DLE
4313663429,emme_z
4301979848,Karedelune
4314884791,scarletpaine16
4315628328,Sarah_Leather
4316491456,Lauren_Calver
4314255423,Anniemarie
4315078417,Mameluca
4314267552,Nessa52283
4312270581,StaceyCorbett_1974
4311410474,alpha_sierra
4315322275,Ebrajean_US_Fune
4301726529,queenroper
4314328013,patitolucas74
4315630999,jp87
4315104764,Nosa_Dawod17
4304235666,Xincerely
4300405349,Swaning
4301280798,IH3ARTANIME
4303585861,StenDuring
4303943383,kudo3222
4301186161,EatBBQ
4301868762,little_starr
4300593467,Alliee
4302490469,DarkPhoenix77
4301920164,Lia_Xingxi
4308685041,OpheliaX
4302072782,JoannaAngel05
4300665350,babymariemagnet
4303800290,Aans_Aysh
4307084982,Yoona_Im_2566
4304551511,LaxmiA
4304042393,LullabyNina
4300219719,glor
4312415579,oktobio
241142573,Arkinslize
4308290769,Aquartiz
4300228118,DrunkenTaurus
4303190309,Mesvro
3778307493,Lighting_Breeze
4306946859,insanitycrimson
4303633557,DartUpdates
4315129979,Rhaelbarnes
4309605417,ReadingAlchemist
2986431330,ECH0S
4300004849,thewayofKABOOMMMMM
4310473864,Viwnsncie
1491431542,Necrom
4300818461,SorcererCat
859122723,Ehbon
4315457905,Dunamis
4300317419,Lukeis_
4318285790,Athar_Siddiqui_7211
4308358858,MonJoe
4308998135,DEMONSoldier
4301196753,AwfulAbsoluteSweet
4311644966,Pretend
522790686,SheLit
4308836104,SolarXWings
4300564499,ChaosHellAngel
4310334196,IWantACheatToo
2260917087,Kiroza
4319923679,StrikerAuthor
4305060978,SteveWN
4320398753,GoodForNothing21
4300343646,derp1
4301269506,Anthony1967
4320617953,IamMountTai
4319699945,Ihaveacat
4307384122,This_Dood
4312609415,Guardsman_James
4305586871,YeFool
4304526473,SandMaster7
4316716903,Warjunkie
4308830739,Bookworm_123
4305708850,Babypearl
599564264,tattersail
2085681796,qididan
4316480114,Missy_Sio
4304795297,ditamp
4300416120,Scimaiden
4306794399,Adelowotan_Odunayo
4314023325,thakarriddhi11
4313365973,oneiga
4321279291,Aisha_Musaed
4307230616,Anshika_Anshika
4318876641,Teresa_7996
4320916465,DaisyMeowMeow
4302433726,oppy4real
4315991294,urclues
4317775454,irsgen
4300127659,nnilurt
4322858558,Sowmya_Sree_Guntur
4311834034,MonarchRavioli
4315375871,Eeshoo97
4326366792,Daoistj7RTsv
4314813133,Vi_Si
4301453315,CanYouMakeItClear
4230454686,Avan
4316221773,James_Schiavone
4302532408,SoraxKairi
4305602997,Emru
4314215440,DeleTED
4310147234,SpectralSun
4304433821,MrHit
4315158053,Raj_Shah_7152
4313823780,ArcaneTempest13
4316716240,TheYeetedYeet
4321364316,manjot_kang
4302899752,DoubleCoN
4309729583,Kingtie118
4317048689,Xeon_17
4310789031,anaqi_khalid
1035661574,TheAmbrosius
4321839173,Black_Munarch
4318051896,fartwizard
4317755822,Book_Pen
935987788,Requiem_Phantom
4321449328,DaoistCqmhhG
4316177732,Dan_immortal
4321775073,DaoistRosyUL
4316039415,Shadow_BLAck_1018
2593942648,Yunsildin
4307760827,Shadow_Wolf_0065
4319983586,Webnovel_Fool
4300555173,Reza2000
4316055457,Comfort_Wilson
4318997539,Sato21
4320916962,B_Mitchylle
4315654134,Jackson_Storm_2368
4320931521,Mickaelle09
4318825568,Stichos
4306013447,Nidhi_Jain_7912
4318718179,Maria_Florescu
4312732112,Mitzi_Panda
4314239528,joan_kesley_7817
4317331373,Enchantress_6020
4301079682,phoenix_8888
4316020078,gracia_hearts
4321079568,Arwen_Snow
4320360870,Kemistics_01
4313567038,Jennifer_Goliah
4316761838,MPVEHADEL
4301574354,Shraddha_Gupta_0806
4313783971,eeseabird
4320848404,SayHelloToGrape999
4319634197,m0zzie
4302033748,agentnewbie
4300210349,1Kevoer
4322803314,PatriarchDaoSeeker
4300085456,Overlord_Venus
4318744520,ForNoReason
4321696499,Aarnav
4318781972,Hero7007
4310701048,Chaosorder889
4320977313,bringer_of_Dusk
4300166885,swordzero
4319205675,AmonBlessed
4316538596,Ryukurou
4319287849,Khaled_Azzam
4324239891,ChronosMrk1
4306981214,Purpleeve
4322924150,Angelo_9735
4307044557,Rais_Hill
4314345995,Silver_1_Phoenix
4311632192,Mattigician
4306218819,Apocalypse_2ndLife
4300207140,Habib_Haji
4315992063,Immortal_Soul_King
4316832496,Saad_Yousuf
4300856479,leoferk
4313299609,Slushy_Apollo
4300012713,Heyun
4318250639,Darkph30nix
4303227148,bookkitten
4313854251,DaoistMbmRN8
4300191664,Zabne123
4316732080,Carl_Davey
4317262361,Gojusensi_441
4322612366,Alpha_01
4313654441,Vincent_Velasquez
4313565139,Eliza993
4305755795,Poet_Legion
4300427826,Wanga
4305498327,MasterSama
4313048556,XXXXC
4301291363,Once_Upon_A_Time
4318449029,Fivefive
4310046630,RAGNAROK_Ravella
4305240480,DaoOfSleepyTime
4312257944,1st_Manga_KING
3705307619,cokesmoke23
4315147011,Ashton_A
4316144047,Kobeni_GOD
4302483937,Immortal_Cat_Sage
4313958787,Slender_Chaor
4310730549,Miguel_Rosalez
4308867446,corbanp5
4317044009,Everett_Munden
4318769945,SorryImJustDiamond
4309588817,NowGoWithTheFlow
4304573080,Uncle_Sheogorath
4321301071,Ellipsis5123
4316481083,Bob_Uchiha_XD
4308148372,Nothing6468
4321327595,Churchill_Belleza_9467
4301244007,DaoHeist
4321023321,Hayme_Yu
4314635144,StrangeP
4317808202,Bast_Zahir
4307975385,Veasna_TDM
4300246720,Hayama1
4322229660,simp212
4303064998,justmei
4311221156,KexKexKex
4320660278,Stormeyy
4322034910,Moon_Dead
4300346088,CouchPotatoDandy
4308323895,ReFree
4319948104,QueenBeeMe
4321161911,gypsy_71121
4314509214,Kristin_Peterson
4313988204,sem20str
4314061513,Nyx1663
4316727040,Britta_M_313
4318307905,Geri_Keener
4320394750,Pamela_Erb
4322396449,Ifeoluwa_Balogun
4316234686,Melissa_Hayes73
4316379955,Janell_Apple
4315923398,Sravanthi82
4314897726,Citrus_Time
4307190391,sleepingb832
4300171343,littlewitch7s
4313061705,Hula_Goddess
4307634715,RennyJo
4312038169,SASHA
4021599063,Govindec
4302761288,BlackRoseDragon
4302080513,Pan_D
4304928124,Ningning19
4314863303,Gifted_Oceans
4305747983,UnknownRose
4301767742,POOJA33
1059139711,Xzy34
4305332698,jrie
1123151007,j_hopefull
4317194467,Evi_08
4305630457,2035788724
4306879138,Naomi_McClain
4314328546,Nemesis1224
4309522579,Daoist207304
4314466879,NotyouK
4300258431,Legionnaire_Dusk
4312401215,Sambingereader
1726178407,True_Seeker
907644704,loriperfect
3160057139,veeren
4306796026,DollaClasher
2049950243,Chet
973802836,deikatsuo
4300651169,andrwood
111541469,PredaKing
4300544225,Noooooooo12
4300696534,CoolNick
4300808394,knight07
4300095444,KingArthas
1749585754,likewise
4307973091,BUTTSlicker
4301570995,Iamcheapsowhat
4301244429,Flamincorn
4300291924,StylistWord
4316391851,overlord_man
4316329341,daedpool18888
4307519827,SUBSCRIBE_MY_LIST
4300233989,Muhfadeln
1997195514,Geraldrold
4300730148,Ayman97
4300812797,newthings
4301808658,synncrytech3
4304932581,Ganoush
4300281348,AsianLadyBoy
4305765906,Amogus
292861598,Poraemon
3361714416,Bezelel666
4308765021,About_Music
4306801239,Exnutter
4300809367,Emanuel94
4302104737,DivineMage
4314008044,DaoistlNwAtB
4300269978,Laylin13
4312891634,NamJaNun
4312449754,sllmt_86101119
4316448188,Ralph_Robinson_4339
4303020491,Elearus
4301520336,GDendro
4300773977,Abunga
4306943423,IZZY_GOMES
4301776117,tupster29
4301009968,boov
1641455486,Drakenile
4301110379,Bangbangbangboom
3934644552,Korriberg
4302242598,ProfoundLazyness
4305470886,MrNightmare
4300144635,Luckyboy13
4301947558,Landsraad
4300965689,Harlock
4304407408,RenegadeSol
4307879373,davidthornton406
3155089060,Grandmist_Sage
4300553137,ultimate_boredom
4300013253,TribeOfOne
4300277587,whadip
4300005338,Pit93
4317138746,EternalEntity
4304537895,chaoticdolphin
4301321296,akserhy
4307591389,JamminJuniberries
4314945233,CokeWhale
4313259318,SikukuAnu
4306864232,TheUnsuspicious
4301581605,BlackRen
2096373443,mithun
4319882303,Rhongomynaid
4314741196,DoNt_TrY_mE
4305734343,Operon101
4304601317,Cerberus_36
4310279585,Endo_2014
4300386458,AncientGodDragon
4320033230,DaoistTm12ED
4314300326,tridecahedron
4300990705,Quiescent_Rumble
4308365269,Temeriare
4303893361,ClamLeader
4300550942,Max_Zeon
4309770677,Randomguyintheway
4310304819,Dotencsure
4301250101,CREAZYMADMAN
2114175927,Darkdelusion
4300681218,Smirk_
4301262861,shv_luffy98
4305663795,FNU_LNU
3628762205,asaade
3181621439,criticalmind
4316030059,Cap_Joson
4300135544,SomePeasant
4314377704,qwert_uiop
4300165285,tanGdev
4315168035,Daoisty2eear
4313070024,Joshua_Nuel
4312938873,benjamin_tenyson
2969027051,MorosKyrios
4300716699,Safehaven
4300460816,ForFunWorld
4322181583,Mr_Subarno
4305192833,Devil_Paragon
4304936675,BlissfulDeath
4304799353,AndellOfficial
1248078342,lordjesus
4303133555,HentaiVeteran
4306929249,Aadivasi
4302455273,Clwxui
4301071927,Agent_Xenon
4301143679,BadKrow
4305061117,Daswagster
4300152773,Dineesh
765148867,TalenX
4306311478,Chonchorito
4321820422,Master_Dao
4318370129,XX_Rach1
4303236435,farmer_with_dimple
4308644718,Md_Omr_Alpha
4307411200,InfinityDragonGod
4301620912,Sheena_Morgan
4316071819,jImInS_jAmS7
4319299627,Neelam_Vijay
4320255498,DaoistVn5Qup
4320564471,Jyotsana_Baurai
4301691180,Red_Delin
4316942485,LoveTORead
4319910341,Staryl_888
4319687527,Marrrieeee_199999
4320998824,Shah_Shreya
4322942766,punch_9615
4315414367,dimplz
4316047021,Karen_Davis_3363
4302595784,Jiminshiii
4320195423,ednamodee
4315643500,KKGG
4320055668,Monica_Vijji
4300529028,Ancient_
4319732950,AxiomS
4305905295,ImNotNarcissistic
1330882899,SleepDeprivation
3635123996,Odorico
3136584235,Plamler
4300258229,SixSamsara
2007416755,Rouedkaross
4318394663,Daoist_Yang2
2836589434,saganatsu
4315241760,BlurryBee
4300589874,Powersquater
1713008974,LiemV
4315483465,DaoistE38Clw
4312184168,Darkest
3740727429,Yashasuiin
4320469777,World_traveler
4301921236,Apoxia
4315703085,RedSkies
4300205332,cosmos1
4318667953,Salman_
4314740952,Readtoomuch
4300017758,Mujunel_the_Mystic
4305066756,noname_marco
4312586380,BlackDrxgon
4316412453,Munga_Munga_254
4317767589,Truth_Only_Reader
4319872887,Fat_Penguin
4312969329,manyaktavuk
4305719885,BrazilianGoodGuy
4302525312,vinay_vk
4312133445,Vergin_till_now
4302353401,destroyuw
4323732433,DaoistlsevkD
4316533911,yoshiasai
4302150607,Vins12
4315102921,yamensabry
4315331718,Webnovel_Bot69
4047601188,Supreme_Leader
4310973778,Spirits_everywhere
4314853496,PercyJackson_109
4306716022,Tylor_Roney
4316013040,THANATOS_
4315868715,Objectively_Wrong
4305505013,Sissine
4016978623,Riqu
4305117643,DaoOfLoneliness
4311216508,Reda_Aeuio
3595536164,Artur9jgtf
4312822983,RealistKun
4300024414,Number1_sama
4317245177,FleemusDesirus
4305496726,CrispyD
2500738234,Yov2
915599307,PeerlessFatty
4319660665,DaoistoCheesePuff
4303428487,MrFalan
1872040160,Byluffy02
3988177555,BlackHat
4305269439,SmollMight
4319590114,Daoist_Kaito
4317260616,Azmodeus_Alice
4300006331,ali1
4309713649,Nymos_lvl9000
4316323605,KhunMisaki
4305720832,IsekaiAddict
4305109454,Tom_tucker2
4302929451,Hellflame_101
4317496635,Daoist_Nothingness
4306027286,Heat_Cando
4304164668,Sage_Honos
4318016009,shubh_gupta
4309328441,KazeelBaYz
4318011174,NwithoneN
4301015487,AAA001
4301931163,Kukuio
4318222329,halliefrazier
4317772841,Deathy_70
4305916954,Uhum
4313513262,The_heart_lost
3798276641,Graizhon
4314785106,Aditya_Patel_0301
4318215754,fipon22954
4316655945,DaoOfTheGay
1006559211,Vincent1873
4300613019,Rey_G
4315523477,rachelesque
4301605287,Joeyboo
4315256863,DespinaNY
4317571431,Black_EA
4320291586,Katherine_Elmore_1263
4309066193,SelPink97
4319985596,RenataFernandez
4319253344,PlayingWithFire
4319807598,BeccaBitesBack_3
4319740035,p1neapple_princess
4315643259,Peaches1
4300072422,Miribell
4315549505,Aditi_Parmar
4304728851,miss_svets
4305733842,rskdrama
4319892146,Daryl_3030
4317907277,Deanna_Riggs_0244
4320600933,legendary_awesome
4300617510,DarkTidings
4323148030,Overpoweredchosen
4318078406,Kyliantheman
4318687713,Arnav_Singh_1622
4315056237,Ghost_prince1393
4300500850,Luloli
4300041754,SavageSauron
4303344580,Lestda
4310166686,ProOrcas
4308830328,Mr_N00B
4303471726,ThanatosGreekGod
4318370509,DaoistwsE8Hb
4312678916,Gula23
4317768105,Hunt3rm4n
4322861255,_ned_
4315899659,Wandering_Soul_UwU
4308290562,AngelKnightZed
2526645236,CobraAFE
4314709934,SealDeity
4312834058,Anbu310
4313852449,kadri_al
2378221026,JMarie
4322552720,Jakub_Rz
4316496670,Xilinq
4300911779,Auren02
4319826588,Daoist_LongBottom
4316606435,MR_FOOL_
4315387313,Alekzi
4309617140,RingoBrown
4312239883,Freelancerok
4314898562,Suzynany
3888429166,vkg313
4311648087,SundanceKid
4309935240,Paulo_D_Manoel
4307396758,NICE_MAN
4316663012,DZsTheOnlyWay
4314073787,Xudima
4320296963,Dhruv_Adlakha
4316052271,BlackFlamer
4317645314,NoZoner
4319424546,Lulu50023
4318061201,Almighty_Chaos
4316111559,Eugene_Zuev
4300185362,skyknight249424
4309490270,cMoto
4308447752,Irish_o_O
4306111444,Sonia_Blake
4316036561,sabrina_Gomyde
4316043491,MiracleFactory
4310954921,abby_123
4308384393,FS_99
4314251841,Lovelyn_8
4314016042,dianne_sus
4312335672,Arkray_Villa
4313432172,Omotola_Oladejo
4315162793,Ai_Evangeline
4302714327,AtikahMK
4306224216,Sinch19890162
4308472137,Sereee
4304422402,prashakhi
4303472509,UnniSara21
4305481720,Alisha10onten
4315056254,Girly17
4302009440,melifua
4315928632,mia_z_4365
4300338203,AdriaKoh
4305838321,Seema_Meena
4303113148,esohul29
4311901335,Kho_Honey
4306467149,Mirabel_Butler24
4304849816,babel001
4319792850,Unforgettable72
4305590710,Daoist441014
1579025003,analyst123
4300319522,Brian70707
4311004144,MagicalCookie
4300097550,Rakshademon
4315858059,Missa_Collingwood
4301931155,kaorihime
4309493340,BBQueHamster
4300968014,Young_Mistress
4301975900,Ebi56
4305147004,_400
4301139771,jellalay
4301330410,Tenny2905
4302878691,Liutaz
4302577579,SP555
4302300309,Litt13aznd011
4309403351,Kara_Marie
4302207831,Nooran
4322716799,777arks777an_RGM
4322383099,BossJohnny
4319807619,Fox_Obsessed_Nerd
4318705035,iwantasystem
4319532642,Kurai_Takahashi
4316171063,daoist_reborn
4319079441,FireEngine
4322646031,Lol1san
4319057892,Ijekiel_Pendragon
4312216889,Adam_Hankey
4321646975,DoaistDownstairs
4312750661,Demelios
4302947899,CoolFire12
4321286412,Reborn_Killer
695016559,Nihirvana
4316557311,Kaleb_Argo
4318601678,LegendarySaber
4317113925,Jeff_Kane
4310639204,Zwoz
4320024351,DollyRoma
4317137045,sanimimosa7
4315613213,yu_chan_desu
4313188332,ShadowPrincess96
4320346334,Lucie_Oeder
4320482936,Daoistf7FlxA
4319974216,Dehni_Olsen
4315996460,sobeitt
4316293466,sun_writer
4318532901,torelei
4315409320,marijam
4320093294,Ekwonna_Irene
4316875022,crawdina
4312892750,LeeMaRi1999
4313369900,she_osprey
4316499067,Sierra_Caitlyn
4314138629,Gnaipafe
4304883082,ForeverPupa
4300153643,Ying_
4307507361,Mangonade
4309868105,The_idle_Potato
4310837361,chocolateslover
4314359577,MandyBuchner23
4306534064,Mohini_Gurung
4317252317,zoron
4310682022,Lorielyn_Valles
4304853660,anjanlove
4312954969,XiaoLiEatPotato
4314432828,cherlyswan
4310179927,sleepy_chan
4314856608,FlyingCat_mei
4300034333,Windreader8675
4314035427,Nekomata_Shoji
4315146899,NOBODY_BL
4306875661,Skaandyy
4311007909,Shiny_Star5683
4303444144,XIU_MINNIE
4311855146,Garima_Bhardwaj_9650
4316720675,Readers_Planet
4316492500,Samridhi_Kumari_8304
4302070212,Firefly9116
4318201054,Luna_Ardolf
4305041843,May1st
4302159446,TiredViolet
4321850459,Jiya_Rani_8882
4321494798,Joddie_Kioa4
4313560757,JP_reader20
4320764734,Aparna_Kumari_7016
4310338460,Amyraluvsbts
4309018385,FrozenWater
4304505504,Mad_45
4316455244,Jagruthi_14
4305020932,wounded_warrior
4311217115,Attoo
4314981991,GaaaDaaamn
4311682807,PlotArmorSama
4304334681,Young_fruit_Smiley
4313801809,bookwormhera
4313225226,itz_pwapiyadi_V
1203584014,SySuijin
4306821321,carrots24
4314143728,booky101_
4301319614,Eonia
4303273970,TheHermitKing
4314703835,Kat_Ramos_7315
4313155832,Oemar_danoes
4306472660,tezz
4313875876,skyrocketinflight
4314550546,yaneza_0308
4311361974,Gavyn_Mack
4308588528,ActyonJT
4315610646,mai18_0440
4307032171,generous_bee
4302866948,DesertRat
4302163752,Invisible_Ecka
4311532159,Lisa_Lyss
4313901451,secretbabe
4313338039,Seongjin
4305373862,sopicky
4308757333,God_drator
4311051200,ChimkinNuggie
4305647730,Shaggnasty22
4313996728,Suck_my_popsicle
4301897035,sadiah69
4301695649,Pink_Winter
4318576824,Princess_29
4300691349,marthacecilia
4306146893,Daoist_Little_Yun
4300765917,AimanFaroqq
4314445107,PyconXD
4305793172,Daoist569568
4315595089,absolue
4300166181,PeerlessIsLonesome
4317902283,Upty_Dupty
4300919177,Tyrs
4319707437,Spabsta
4323160884,Ero_no_Kami
4300499034,joshy_rob
4302370391,TaintedMetal
4301878281,Matlock
4314091130,Nale_Sheeeeeee
4304154805,Topanl4w
4320143885,Neon_4535
4317126880,Chris_Gill
4316007632,John_Kula
4304740205,ancientwatcher
4317198998,Hizu
4305582213,isekai_seeker
4320980557,FallenEclispes2
4315249751,Iles
4311577502,Xseno_Rain
4318624211,Alkk
4302508302,JoshS
4307825454,Jack_OFFICIAL
4317637468,emmalyn
4321769836,SilverMaid
4325320683,Vampire_G0D
4323077827,Tama_Kun
4320385190,Riswanth
4322252655,dame_dameee
4305590075,DemolaShows
4316872746,Spargeltarzan_49
4306259413,Sp4rky
4300140056,Helio97
4300327973,MotivatedSloth
4301296530,Bartothegreat
2614129798,NIGGERS69
4319972477,Apns444
4300572146,Galdaen
4317274978,qaxser
4300023095,JernSure
4316652004,Andersand77
4312901562,Bird_Of_Paradise
4307877870,Transhumanist
4320263782,theko
4317505927,Karma_Slap
4317336875,Dark_07_Light
4300228588,pacul
4322777999,ugoho_paul
1674426491,Campelo
4317182971,Hero_MT
4324296395,James_Bond_2263
2360962950,Tenzai
4300474077,StretchArmstrong
4301750552,burntpotato
4300668887,AnthonyCerbic
4300301461,Dvaita
4300050682,MaxiMaxe
1307516489,Gamedevil
4300952008,Prototyply
214468489,Nathen321
4300949584,dobek88
788669771,Ibuprofen
4300450791,RuinSmith
4300466799,Unknut
4312415872,Alkor_Crowly
3738713270,TinyOrc
1106688514,KeyLessHeart
4313312066,MirCat
4316639356,Dorcas_E
4307522075,FengYin1
4306875605,noobielliom
4317459729,Desiree_Jasareno
4312436023,Eman_Amer
4321124580,LittleLordBrat
4310219654,Spades_1
4302087741,kukus
4322566736,MiizStudz
4316036762,coolmannumber5
4300364627,Marena
4320062425,DaoistrBQSsC
4301766314,daoissssssttt
4301254938,kerlin
2883002223,Leylin_Farlier
3080983052,Mystical108
2688866948,holachica
4300263360,sweettia
4223488814,LightningCatThief
4300500410,EvilJawaWizard
4300014668,SilverWear21
3317151752,neontortue
4302108847,Anonymousone
4300183333,hicaro
4302953871,blinkspace
4302323994,Fjildeth
4301809673,lazycat_jain
4307500429,IKaIadinl
4314486659,Holly_Webster_5717
2263268151,Cyrs
3566180059,LGND
2479886165,theapre93
441495980,Lord_Buccaneer
4319236783,Bjorn_Stormwave
4303516234,EternalElysium
4306201837,SpiraSpira
4306929832,no_life
4319769800,DaoistHnRXwB
4313685113,Darwin_Pincovski
4316135999,doraemax
4311983518,Robert_Hosek
4310050935,SirlordDaDerpWhale
4300026508,ZOMBIEWARZ
4307059695,Darren_Laudat
4319404268,TheForgottenLegend
4321334862,sleepyhead_007
4311086511,DaoistDark
4320208080,Chestnutriceeee
4321771449,Kai_Writer151
3325491393,gilgafer
4321289678,Shivam_Thakur_1883
4318806105,joshua_jt3
4315898471,Grandmasters
4302896530,someRandomMob
4323534268,BoomerJungle
4318089718,hman24
4321589373,Ramom
4316391862,Drago_928
4321911844,Dark_Sorry
4323700943,Cj_The_Depressed
4320110959,BiteYouToDeath
4316145779,Toxic_318
4319571587,Drew_Sansone
4316119031,Hunter1105
4326694187,Platofox
4316765378,Kirito_Kirigaya_3995
4317967257,vbbzeus
4302191998,Hahadavis
4318446290,Blue_Robin
4321280249,JRCaste
4317788612,KingParadox
4306610467,Eduardox013
4316871777,please_be_gentle_
3333785103,Efthee
4312070674,hellen_sendan
4322623802,Merlin58
4320633224,sol_94
4302504059,Josushockwave200
4313338079,tuba_san
4308451184,shyfix291
4322175760,Campione_p
4315464179,Danni11
4300333502,Pedro_Sousa
4300607576,Melshan
4318915427,cathangingtree
4318447006,bi_queenn
4320383291,tatsuya277353
4322060514,The_Dark_Hydrax
4305457939,LeXxxi
4322598729,ErisLadyofDeath
4323369859,The_True_Savior
4321818938,dracula_
4323791753,AbigaiI
4316657877,Yumiko_8076
4321118911,DiveIntoIve
4311746051,Shira_ori
4300408957,parker9635
4314494510,Alex_t
4307757365,crazy_turkey18
4320448541,Iluvyuri_444
4315959142,LokeErBest
4323689760,LeeLeeLeeee
4311752882,Apostle_of_Noice
4317827088,morningstar_Anime
4316939469,Snoring_Panda
4300852138,CrookedFish
4308665655,Muhammad_Usama1
4307003124,CHRIS2169XP
4316156910,fell
4302729830,SOMMO_ARCANO
1200492231,MrDonkey
4303483410,roderick12345
4311834924,SonJason16
4314463028,Gurthang
4317564544,Daoist_BreakSky
4321447348,VXZD_ZD
4320704060,Dune_Lone
4310251865,INnOUT
4309309235,EvilMaou
4316273774,DAndy_Brothers
4316322661,THE_GUY
4309684742,Linda_Her
4301601629,Chupa_chups
4313649899,WorldsSpectatorJ
4302519386,Harmony277
4306044911,Richelle_123
4311890651,moadeep
4304369372,May_s28
2402511567,ethoocream
4306005621,taniamontes
4300804650,_Jinwo0
4302697112,Daoist361376
4319889113,Marie_Mirhan
4315695338,Maven007
4302442086,lovelyjean
4312965114,D_K_9532
4311607632,Vanessa_Brooks_8862
4314454845,Deni_Chance
4313261987,Ciara_Hernandez_9535
4315893745,Sydney_Smith_929
4314206828,Sweet_Cherry09
4313462867,Delmonica_James_2965
4314234243,Catherine_Penrose
4313986535,Nat_Allen_5817
4317987386,sarah_scott
4317757292,Lya_Chua
4315346126,Mansi_Shah_8384
4316375396,Ashley_Cottles
4315157070,alpacamama
4317648729,SimMermaid
4318563071,Roselle_Ballad
4321037742,DaoistLbu4Ro
4320530710,Angela_Thanks
4320249120,Debbie_Nemecek
4301511467,bookworm1236
4301841022,AmiraBou
4306116895,JasmineJosef
4310620657,RenataIN
4301824754,Ifybaby05
4313289642,Erin_Sipes
4313290362,Yomi_Santos
4309871070,Azra_Shafi
4304061561,mimikim469
4311456506,jisookim18
4313246366,Briana_Lovell
4313275094,sanrorella99
4313604548,Michelle_Hallee
4313308602,DaoistHMGzPW
4313350292,booknbeat
4313261724,Ebony_Way
4314784217,NoNaMe
4309588329,Cierrascorner
4310037447,NoWoRRyMaN
4308993670,RaijinGod
4313679298,Yueliang_Haizi
4318512272,TheWorthyOne
4312685918,Maninder_Vir_Singh
4313994588,NatanDS_
4314828875,Aquadiver
4305212876,Camoblast
4322644523,Starstigma
4305229159,Lazy_Chicken_God
4322522381,Hareminzm
4318202735,infernalplayz87
4314388034,Why_you_look_here
4319624548,novelfrick
4315330288,Kyle_Baronet
4322494124,Novelman
591929749,BigiNove
4301346287,MOnkey_D_Luffy
4314807903,GODofINFINITY
3521058529,ToulueVang
4306765572,Johny_Starcer
4306780068,foxytail
4308392986,GashGrunt
4309457120,Jadebell
4301898362,BobbyCSB
4309273722,deleterduser322223
3394792030,NovelNewbie354
4315235463,Aliou_Dibassy
4304952872,Lucifer_Helsent
4320137432,kaworisl
2130210331,Einstein3
4305191014,
4315962575,Ossa_Bellator
4316007810,Aporia
4306379195,DyMoonRvs
4311624581,VenerableDemon
3286855836,Warmaisach
4315875936,Arkaj_Bhagawati
4317156169,TreacherousVoid
4314981573,FutureLegend
4322394910,Copperhawk
4314669100,Raycast_5
4300262687,Stire
1102704525,Negative2k99
4306933033,DreamingAwake
4322412541,Serendipityy
4306934562,Ethan_Brook
697668426,Gimi
4307288254,Cobra03
4307463169,Verium
4315747126,Avarice
4307472633,Gamer_Boy_2840
4320584508,yamete_kudasai
4315426008,Roinuji
4315441839,Forrestt_Clabaugh
4300959838,SnoringDragon_
4300250577,Variable_novel
4303947827,Little_Xi
4304970049,ananya_ano
4302056205,mohammeddima
4300402508,Joan1s
4302252497,LordCody
4302420898,Cherryblossom77
4302576982,lunatic18
4303818358,Nehayad
4301831971,thakurijenisha
4303464222,jmbrianafenis
4304326665,SIRCM
4304194121,lanaalutby
4303744849,Lucein
4304935348,Misgee
4301522455,Hansua
4305794596,jairamich0917
4304866253,LionDragon
4300248897,Soul_River
3925443680,randomdude
2138030753,Senior_Nepuko
3941127591,LaoTze
4316863798,Maamar_Darmech
3737958992,Vol
4320262468,jvline
4318549590,Daoist_sleepy
4304071346,Dark_Emp
4300735651,bstasic
4307374476,Fireyork
4314251285,mord_red
2010694967,NoNameJustFame
3483414216,Taoist_Ouroboros
4304603878,SleepingOtter
4300564999,Vegito_Blue
4310350320,Eva_999
4300812868,Diosa_De_Los_Deseo
4301178976,PandaKittyKnight
4302079409,joi_orams
4300926600,Jeshii
4317180108,Cristy_G0407
4300077646,KemChu
4303030457,Nerd_Next_Door
4309757284,Ryza_2gold
4304215448,allistar
4311886615,Paola_Cortes
4319221216,nadz_4life
4302631145,AdaSyuha05
4301208142,6358_tan
4305640752,ottopayback
4318267243,SirosEnd
4315578831,Makotobut_diff
4318026166,onlysnow
4318599105,ivan_atanasov
4315379230,Empyrium
4322742220,Bosico_Bosico
4317056429,Layn4
4303579202,Siobhann_MK
4313680287,GrowZep
4318456818,Bindingofash
4323717834,alouisse
4321197146,freshleaf
4321892343,Dark_gamer_6860
4326554811,Darkxion5455
4326874111,Marynne
4312809631,Vora_Vixen
4307980536,Sosogir
4308430070,ganglia_genghis
4319333482,Wallflower4ever
4321927331,Ron1n
4320059920,Janet_Arthur_8903
4314472296,procye
4309088637,Mj_duckling12
4300298940,yunaa89
4318908323,Scarlet_Farnsworth
4309860341,Daoist302763
4316515513,Muskan_Khan_4910
4303932211,RkArnold
4301964683,fourfour
4315736869,GardeniaBlue
4300284983,Hundred_Lilies
4322748665,ClaudiaM88
333942365,Jack_N_Mikhail
4016983681,Timothy_
3753933810,Enlightened_Being
4300154639,EdwinTr
3322953240,Fuyuru
4301181097,averagereaderman
3288811121,Hevveh
4302618852,xcares
4304626976,StressedByHW
315057354,EdwinJaya
4300264615,Rftyzd
3545646031,LEUMA
4301074762,Jlax
753763653,Cohran
4303232905,escobe
557505560,Vanhellsing
1636694901,Lane
1060757826,weebwoof
4301351686,JKSManga
4313636166,social_vegan09
4316897152,DeathGlare
4318512603,sijispraseeth
4305204475,MGStarFire
4307804499,Giovane_Martins
4309325779,PancakesWitch
4318943020,Jason_Anderson_2585
4315083433,Jay_Corbitt_0777
4314054994,Lord_Eggie
4314189868,nightknight
4301893094,BattleLord
4310261656,Nero_onix
4301912339,Evadz01
4317979329,ulbastartletige
4307947623,trackpad
4301820488,Caliburns
4310991782,KeazL_
4312724758,Mark_Mads
4300880681,fegha
4317872951,Lopoi_Jupoi
4300462948,72demons
4317845654,Uh_YEAH
4306771651,BookDragonling
1922241098,Sun_Ish977
4301328668,Daoist0Hello
2549524967,ismaelmaster10
4316090178,Freeborn2676
4324213151,DaoistEvistar
4316458336,COOL_PANDA_101
4316590149,Code_Cow
4300364605,omgitsaray
4300371943,Majinshu
4300284851,Storm6666
1286761316,BigBootyLover
155743455,FlamingLad
1350986953,FunWithUrMum
2480586896,WitheringRain
4227131209,Aborix
2028036012,SomeGuySomewhere
4300028816,Dg1655
7538570,Adam
655701118,RusuDenes
4300012342,ReeLS
2860715200,Necroda
4314386297,DaoistYhKn2V
4307541857,LostMoon
4320086305,Kay_Vee22
4311920087,Destiny_Torrez
4307339275,VestigialPrincess
4315754688,Jennifer_Luffman
4300288982,Hontoni
4318904419,Jeyashieyah
4313995974,Jules_Dac
4307046422,LittleImmortalYang
1200917,MistyFB
4307567439,Kenji_Higuchi
4321398646,Bwanga_Bwalya_Alex
4308190069,Seanette_Lewis
4316535299,Lian_Niao
4320520481,Ishu_fath
4306368363,Hemant1501
4317315466,Drago_idc
585177858,Juto
1534347448,Monkeybro
4322574855,Love_C_raft
4316310386,Zombiedread
4319593024,The_Priest
4300345771,aggregatorsite
4325494269,Punisher69
938532474,Arentsvelt
4308307306,D_Wolf
4300436908,AaatEae
4300895173,Ginny_Knights
4318612233,Lars_Furuseth
4319448057,Robbie_Ocasio
4309745510,Pleades
4315227025,MissssToriii
4307721693,Lightnovel71
3257982361,Piokilek
4302657270,xiCloudRain
4302723659,Simonella
4306162025,_yokai0
4302201053,webnoveluser483
4305047673,bacon_bacon
4302609882,TheImmortal
4300017165,ktoffl
3582916775,wkwkwkwk
4301264355,DripSoup
4314336037,Yunus159
4311903641,TriArc
4301969765,Bsoc
4300404400,DaoistImmortalDrag
4301502332,Keikokumars
4301307475,ryangohsff
662649397,Mistborn
4300241005,JuiceTin
722985322,Sinfish
570536481,Dantez
4301120490,BookGuardian
4300254650,danboy
4300572587,tmk_ing
487223203,PieDuck
3728746581,Bunny
4300360652,ShinRyu7788
4229969485,Zyscheriah
4300219562,Findrayl
4300142837,Milk_Strawberry
4300326166,Cobyboy
4305071620,LazyGodKiel
4300816787,moondark
4300069603,fairytail72
4308253213,missShei91
4316494035,Anayatzin13
4311590467,nek09
4315419371,Basallo_Jlyn
4320580511,Ca_0528
4310925498,Izni_Syafeqah
4314492027,Jovi_Line
4318495351,rotten_cabbages
4318124813,Tamanna_Tamanna_5814
4312130845,p_i_p_64
4325931877,Kristi_Chamua
4301626256,Soda_T
4309263265,suzy_Bae
1613459212,_Min_
4300222904,Krayz
4080686678,fucku
479008845,FattyBai
4300240555,MP_N
4243938360,lolhmmm
2913727249,lifesketcher
3051403419,Wentley
2011196134,Sdir
4304081626,JerDan09
3668725355,RukitoRin
3442479101,KUROSAMA
2379371746,Se7eN
4300381227,Graboid_42
4300316979,Mythfury
4219446938,kkg
1405231508,Alex_IK
4306643699,Small_Otaku
4318851387,Veldora_The_Goat
212725748,Junkies
4315942340,Diana_Moreira
3609926140,Pyrozian
4317162229,nXo1d
4300545337,Nightclerk
4300178339,yeairead
4324491249,Daoist_sweetdemise
4301375344,Wild_Horse
4317803797,Kush_Vir
4313319939,Asmov
4317751031,Crocodile9
4322821287,FriendlyPlague
4306323351,dndeath
4321017852,Sharlock_Homes
4300633797,nureha
4302255763,irma1786
4301901407,justpinkpie
2578604144,CitrussquirtsI
4305470312,Madamsophia19
4311351824,eny1379
4306964173,Joe_JoeyJoey
2768706350,starlettsong
4309347299,Leni_Purwanti
4301307134,runman7012
4304827526,CravyPanda025
4311423649,Bee_Boi
4300292380,Judy_Alex
4305394676,nicck1223
4314528492,Angel_Pousada
4305035692,Prettynice22
4302148989,1740
4305974082,Mathangi_Raja
4305146934,Looking4KingLeeGon
4301161873,kamisama777
4304864187,claire_de_lune_xx
4300406012,Akku_Nidz
4313360637,Sonuvapotatoe
4309723747,Mariette_Mayisa
4301353011,yuqi
4314517780,Sylvinarocks_1997
4300103310,Mickly
4300384327,crazy_fanzzzno1
4315522402,Eternal_Sunshine4
4318416383,Sharon_Sareen
4316031886,KUMI
4310545959,Sree_Vani_6436
4300867010,yuridaiskie
1512302965,laoniang
1870992316,Archena
4300041938,Heretoc
251085224,OnlyAsuraNovel
4301223271,xXDethStalkerXx
4305630760,Robert_8633
4300915159,Stein39
4300212142,DeadSoil
4302770387,trueseeeker007
4300204385,XBryX
4314013763,LusTY
4305827888,Hornshel
314091176,GRoy
4306643679,angela_okorie
4307802064,Shadow_Lucifer
4311340535,ABeautifulEvil
4318718759,Daoist3Mc5FE
4306340559,Akeisha_Blaire
4322013960,Sofiat_Animashaun
4320900762,Shyko
4319268367,MelPastor
4321412445,Lawrence_Florence
4315831454,Af_Jvr
4319175384,mariagraf
4300645416,faith0830
4315928361,Pjr
4305711422,hottiegamer
4300023613,BalladKing
3820616077,IOP
4300710049,ken878
4301264800,JulianneDragonhope
4304807924,_mer_F_Kibar
4301569903,CosmicS
3861766961,Cienz
662773729,Shadow0fSoul
4301366299,Palladian
4304773122,Yes_boss
3342582438,Ayra
4300212093,ByAMountainOf
4315579231,Crabble
4301537452,Saarlink
1716705376,NefariousDagger
3154228635,darkjoker
4303047159,zipirinsan
4305414371,JiJi
4300256114,mythloving99
753602501,JoanB
4302425061,LiLhyz
4315540375,sad_rabbit53
4301720685,Antigony
4315676477,Amber_Kress
4300292547,pnmt
4304936288,Phoenix_Z
4315668653,Marlene_Nguyen
4315652971,frances_hudson
4302895581,mange4everPD
4315583432,Mia_Parisotto
4306931677,ReaderBug
4305123124,poojjaa
4308067636,pineapplemelon
4301963517,ifybaby03
4320841241,HikaruKiki
2590214973,MorningWood_Dao
2182207064,Requien
4312209375,pipagamer
4315296181,Darth_Ullyses
4318678701,Venalter
4313362091,uWu_69
4321627041,ToukaSimp
4310176251,Braham_
4325722551,Drunken_master1964
4324338608,_DEKIM_
4323215573,Name_Less_1171
4312572737,Echelon_5
4321806671,Bi5228
4315820311,PikaAndrew
4320965921,Blazzing18
4320148272,Kirikaya_Kazuto_4649
4308739582,system_god
4309173228,_Gavi_
4302720621,VeRose
4302215835,Daydreamer18
4301756194,Agwuncha_Adamaka
4312786644,mosaicautumn
4313033484,Mama2121
4302168991,Lurking123
4313300542,Victoria_Hargrave
4312034834,yukie_amanne
4312144926,NEYOALONZO
4315894734,spicyramyeon
4312039291,Janice_Bass_Barham
4303474965,Hannah_Macacua
1837041257,JadeChrysanthemum
1443398753,_Haze_
3921362872,jaypallas
3313908688,Devil
3357835192,littlefrench
4300139900,derangedlol
950579582,WeebMonsieur
4303656723,SubToPewds
1656784384,wadung
306062971,Dandyas
4300031979,WhiteDragon32
549122139,Shadowstigma
447413815,wuxiaworld4life
4300153280,IcedTT
2004461994,RedSnow15
321827453,CreamPuffDelights
2798302921,KingofGods
4300226218,Missy_Z
4300611455,Ezy_Calliope
4304384853,maroon485
4302372236,simi_demoness
4300716632,Chris1234ds
4303345986,dcoxurus
4306881699,cjay0318
4304422783,Jelly_berry
4305476599,Riddles2
4307852731,Jade_Russell_7283
4300050881,AmeraliaPrincess
4312068581,Tracy_Ann_Webb
4313630082,lulu_witch
4314886904,Marcia_Hatchett
4308124694,chilia_co
4308489223,Mandy_Calhoun
4303972465,Lyuenaa
4312133737,_DaAdorables
4304974921,opearl
4311524154,Ideal_Beauty
4315399985,Jennifer_Workman_9079
4314813302,Nicki_Kowalchuk
4311978337,Leslielover
4312938958,Sakke_Maurine
4303993541,cowfia
4316346681,Kathrine_
4313411699,Shanna_Simmons
4313435812,Raven4u7
4303005442,ruikee
4301777095,Senku_Gen
4301690916,CrimsonEyedCrow
4305048971,FengYinying
4302939059,Sollight
4304913378,Crow008
4300956617,chogiwaaaaaaa
4300320120,Podro_Monteiro
4302118459,haha9014
4304958095,Digvi96paul
4302325302,VeePetal
4305939013,DVCorleone
4301936454,RainbowGreen0013
4301566706,anmari
4300875416,DHime
4314876629,gg_qazal
4301846242,Adewunmiflourishin
4305750174,Rica_Tarli
4300605600,falegna
4304036535,Leonix17
4300767804,HotIce
4300455517,Rairaidani
4302587162,stormraven500
4306203005,SoreiGamingTTV
4300500605,Augustdavis
4303523524,Riassuba
4300977334,Lacastrian
4320361626,DaoistIe4Cxv
4303346732,Dejacle
4306005523,TheUnseenMountTai
4305662140,Nikhil_Chand
4319840985,Sanchit_Lashkari
4061157765,camy011
2690218448,Styxiss
4320865259,Novelreeead
4317855528,Rishabh_Singh_8338
4300091305,lordseven
4316810536,Heh_Heh
4313517572,TheScaredOne
4308251985,Daoist814941
4300178701,MellowGuy
4300005971,mojojo23
4309542438,Xeeon
4300661774,Fantasydiver
4307367920,Heliard
4314935389,Unpaid_FoxGod
4305340546,Catrosious
4313811797,byron_davis
4317252041,Quarantined_Soul
4301254740,Tyrant1103
3290097572,Rafen
4307641870,Jin_Daoran
2996880521,JustPoor
4300303685,H_Alex
4300025815,RedSnowman
4157677233,Termiii
4300834922,jackjackattack
4301168477,Faithol
4300206641,Killer636
1124320322,Random531
4300460202,MasochisticMonk
4300332423,Grayvrauber
4300078920,Valloncur
3010007393,TheCoyoteGlove
4300172352,Qux
1283042023,Ouhbaba
4311542560,Artemis_greek
4313117072,Comfort_Sara
4302700686,Caelia0796
4305438989,Quinst
4300712491,Alilabels
4304902515,kissimee
4308459266,ICARUS
4306476585,BaeVida
4302432060,Pacesetter
4301398404,kate_it
4312002928,0_CARROT_0
4311043760,Lori_Hart
4312710384,Ironman_10
4315158640,DaoistlIfFEY
4314003972,Sohanya
4303116755,Baevida_17
4303578819,ExChaser
4313100660,imagineTishaD
4316688932,Secret_Cutie000
4301159981,T3AR
4308053986,Vividly_Dawn
4300762242,Prashant_Limbu
4313301647,Min_Vale
4300022116,ylsas
4317366605,Anya_Wetzel
4305111234,evelist
4322095590,nclryll
4312695341,ana_jannah
4306652689,awidodo
4323009382,Aditya_Chavali_4155
4322990330,DaoistdA0cmd
4305228384,an_ly
4320066751,Slothhh
4321026094,Margrave
4320584521,monkyphil
4320275213,ZeroLife4Life
4306128929,Parziwal
4302678628,Kagerounin
4305776314,kharit
4320275543,HaremBro
4320003678,HighClassTrash
4308007933,Magicbeer
4319713688,Goran_Manev
4314158174,Bad_Johnny
4311428804,Darkfundip
4316457100,Returning_Bob
4320351069,ItsLaiiiin
2484227010,Shadowtheory
4301683732,Tyramisu
4300336492,Karmelit_Shipley
4305662219,galactic
4300076148,Jeannie95
2095468797,redvelvetswirly
4307342222,Car_Silva
4304324975,VirtualHug
4308008876,blanketskies
4308703040,explochi
4313892680,Readable
4306594350,Ange426
4301193998,JiNingXi
4313641240,Mireya_Castino
4311680929,kraw
4313806769,Ms_Fujo
4311353757,torrential_rain
4310163072,Minty_
4303357099,Tetractys
4301191002,saviland
2361707210,aya_love11
167567258,Lazy_Kizu
4303573292,nafaja
4301554462,asing21
4301827694,deepu_
4300938039,Akusaser
4300244738,Fenn
4301610713,kaershen
4301632177,Testydan22
4303482217,stura
4303126491,nene16
4303972150,Lucasken
4301590499,voracious_reader
4304641753,Sudamavipra2
4300000305,Nanae
4304259320,Lemonsore
3802025553,ccamillia
4319923106,Taoist6GPenguin
4315776165,emillerdc
4313005665,Atika_Sultana
4313002243,Kayle_Smith
4321565901,Author_Zia
4321228649,Lizbella
4321105602,Karleen_Medalle
4325528330,Pyumpkin
4326368909,Mawuena_Mensah_9206
4325925319,Adria_Alam
4314998978,Lord_Shiver
4325807721,Sunny_star_999
4324886572,Nour_A
4315838971,Racquel_Mcdonough
4322462824,twindelaine
4312681754,mynkh_3
4301691005,GoofyBun_
4321473574,Faith_Simiyu_7361
4323129466,Tim_Mixon
4324951187,Stephenie_Hanson
4303600786,RMehrotra
4313898207,_esha_
4317080057,Curie27
4301580024,Choireawoo_83
4301990326,n009
4303750614,jyotsnam
4305802450,_rarelysane_
4306188855,Ariana_Sawyer
4316540146,Sohanya_LuLijun
4302584096,DnIsha
4316454694,1_dark_prince
4305420120,Sunshine_26
4317184391,LowVSdiamond
4301007631,gracee1106
4307632774,ScarlettRubinovich
4317526249,Xena_Draxil
4306706705,Ekra_99
4302758392,ashwinibhadani2014
4313515988,Ullyr
4314324229,Taoist_Azure_Sword
4319398411,RafaelMitz
4306743031,Entrail_JI
4308842563,Luffy_For_The_Win
4314005870,Ali_Bayaty
4310128347,EnterGoodNameHere
4318369469,I_am_a_devyy
4300806427,AwfulFist
4316967240,Yan_of_Salt
4312217650,RuudMM
4316732660,Thomas_Nguyen_3776
4318545592,Tribune
4314647511,JustAFoXInTheDark
4318642827,NeonPLay250
4319475401,King_epic
4314063866,Thanatio
4304839192,WhiteFOX
4301965893,yoursmahi
4313715360,Lady_Legacy
4318278462,DaoistBx4r86
4300369356,tee80
4314927277,CarbQueen
4316253628,Spark_Hawk_666
4305734664,sowji_psg13
4315789503,Duku_GanRyu
4312849544,Sonel_Varandani
4315558775,Notty_Patel
4323974936,Kira_Meijin
4316642301,Kim_Aira_
4302840947,cocodemc
4307868685,Liloue972
4304616337,anshika_01
4308287553,Bookworm_luvislife
4316994935,Tragic_Girl
4310700714,Marr0lyn
4310442118,Mei_mei25
4318173263,Lucyfer_Pendragon
4303136356,chaell8688
4310289020,Princess_Borrell
4318012073,SpicyReads
4316789789,DaraTripathi
4301864866,jadinereid842
4302130431,readerinla
4304362091,PrincessQ89
4309723351,Happi_one
4318074695,Black_Night_5276
4310284551,Amarrida
4322017868,sjen
4307635421,aznshorty21
4314504933,teedub
4311394411,Marz_Mohd
4300276046,MidnightBloom
4301807548,Deeptinnd
4305021782,shyamrd
4314494335,tanyawkdcatl
4316099368,sandhukaur
4302060872,DaoOfTheLonely
3929972640,Rojikku
4302110893,Arkage
4300104096,MewlingDragon
4304949849,TheDolphin
4314347710,Crashtec
1709487714,GrandpaPeng
4309317574,thegodfather
4313657593,Memelord420
4302019465,Makeshift01
4308761493,RichBoyWinston
3909143768,ExodusGaming555
4300687945,Daoist_Butterfly
4308697002,IAmWeed
4304482057,ThePotatoKing
4313879988,Bob_Doe_0125
4314371233,Marvek_the_Warlord
4301723985,rosyrishi
4301434887,skye02
4306046353,Jan_DeadOneGirl
4300194748,Cyrnean
4300137511,shunyuxie
4309642211,DaoistAGF
4311893746,Gnirehst_Nedohhc
4302803502,Chempaka_Amalin
4314307023,Lare_Bear
4305908843,peanuttt
4302859017,LeeShan
4319820288,Tolu_Dalu
4315043493,HippieChick
4307709080,MSI1104
4305701381,Anny0964
4319252502,Sky_Li_9922
4308941567,mashie_moya
4319576581,immortalyxssine
4306674518,Shade_Arjuun
4321749871,Yvonne_Jemutai
4308370322,Ochuko_Obahor
4315032113,Trololokoko_Kokoko
4310805141,Farjana_Tasnim_2031
4312117533,_Michele_
4315182507,IzzyBella16
4319257339,Rina_Jen_Vitor
4318908659,_Shades_
4321179619,soja_soja
4321627069,Jaskirat_Kaur_9459
4320770665,DaoistHGyDEF
4310147493,HaoShu
4314291462,goodeygoody
4316801079,esvgswq
4317289726,Reigetsu_kun
4318504829,AngelLily
4311023712,IlHitlI
4304582876,Nathair_Insint
4300710366,puriya
4300168332,Biako
4301994299,Bpaat39
4307218562,TheChosenTwo
4306895572,Clob_Donoby
4312970127,TBS_23
4301640488,blizard
1141350165,TensaZangetsu
4300127353,SilenceOfAngels
4302799298,BloodJade
1802661514,FunCat
4301212048,Icywinds365
4305620501,DetnusHeart
4301677671,brother_pheonix
4323642220,niels_bracke
4320773230,Favour_Chidiebere
4304762514,CanorBrando
4306337497,MBE1
3584117551,ReaderFromRoblox
4306455404,B0B1
4311658556,Blazing_1NS4N1TY
4321363172,CaptainNem0
4316448594,RoJa
4300983912,Dutru
4308524041,MHShiro
4314388899,David_Johnson_9531
4304478095,RodmanGVA
4309941735,Mr_HonestReview
4300576482,siltas1
4316702344,Banker337
4300433518,DragonSage87
4307816005,LittleSprout
4317324209,J4134AB
4312478183,CMSeda
4315584278,alyvlldlry
4313833895,MiaoMiaoXiao
4312133492,CHiCKeN_1726
4325674598,MeiarreFord
4321424698,Medic_o_Loki
4315511096,Den_Young
3616801720,dixi
4322709621,Nick_Leem_5729
4327243662,Kaosara_Ajoke_7292
1571930103,FourEyes
2984756360,postpill
4306334948,Satiz_Gainzu
4307616586,00Mark
4318792318,SARVESH_PIMPALKAR
4309678277,Mukilan_Manimaran
4317892199,Iamaniceperson
4314817142,NewSense
4318576358,arvind_damein
4302540961,teax25
2763773151,DeathLingers
4317322290,ImWatchingYou
4312256796,Imcyg
4320237286,RanniTheWitch
4317971468,TheBlueCombat
4321373549,Tommyshelby
4314147622,Micah_Harris
4321084241,Enigmatic_A
4318429262,Aayann_
4319960850,sugar_danny
4321208478,Omkar_M_7463
4322533828,RyanBlue
4323445507,Abc_Xyz_8200
4320394506,K7RM4
4324429640,MangaisLife1
4311642610,RIPD
4305987381,Yang_Yang_2606
4323601185,Aljosa_Muhic
4320819293,T_Qin_Wushuang_T
4318560643,ETERNAL_JIMINI
4314377904,Cuppric_0
4314895009,Ceev_Ceevqceh
4300397047,Rensarian
4318193304,MIGGER_FTW
4300268987,PlantSmoker
4321902180,ShamelessGengar
4315795653,AuroraAustralis
4300405037,Dotakiin
4300492541,AnaamDaoist
4319178021,DaoistrQoJha
4300325656,Lunar_Light
2519962561,NagaKarat
4320956410,DaoistSoulTurtle
4323679097,ABW_manga
4322404911,S1lv3rCr0w
4300840244,ePythagoras
4320742274,KabamShazam
1297294176,Abanmagan
100173716,jmap
4306130535,Otacon88
4198278846,Caredevil
4303155146,Venerable_Linfeng
4304559269,Blaze196
4319273391,DreamyApe
4317946893,Raphael_8929
4321321311,AlexisCain
4319043741,Unpaid_Landlord16
4311867134,Brandon_Downtain
4324998107,Nastascia_Brown
2168946004,shadowstriker102
4321232988,DevilDarkness
4316671459,FiLL88
4310637108,Quollski123
4304640495,50ShadesOfAss
4309387600,YuuysukeYaja
4307091372,Ellyejah_Angol
4307723185,Eom
4300165615,Jazimo
4308441573,AllastairDT
4301163080,LastEmailDeleted
4313910374,LOPHELIA
4308461530,aedwards_120
4301403236,lordpickyreader
4309027454,Reegan_
4312323219,Thomas_Williams_62
4312935886,Luffy_Dono_4658
4310922932,Reverend_Bona_fide
4308306939,clementine0913
4308000491,bun3
4314009287,Ang_Ben
4309622492,Rancidgurl6
4317571689,Misslucky913
4318887770,Na3no3h
4302932440,shining_star_14
4320051612,Dont_look_here80
4301050735,dudu_rose
4321152044,GionaLebraco
4318826700,Malificent_Ch0u
4317197479,nandudu_fiona
4321941691,WhiteWave
4319462611,Imen_Ch
4314599296,PISCES
4301974817,ranuh_00
4313873919,bakeme
4323194349,Rose_Blum
4320587758,Powy
438314049,Shiraishi
2580189434,BaronT
2537427969,WisH
332475528,XLKIR007
3588519800,WillBrace
3112288011,Azrael4355
3509702594,MerryPoppins
4300190646,Screaming_Buffalo
2412491352,sheets
4300085801,Freekbeast
4300184929,shawnr
2775100146,ThisUserNameSuck
1277925667,Daoist_Dan
1838902718,AbstractDataType
4300006691,patriarch_ace
4300417484,lihaskhan7875
133485455,Reader_A
3490058044,Dahksahna
1326806851,NormalUser
3508405095,Mala
4300069915,empty_
395616175,Seregosa
4300481655,PandaCookie
1855171086,Aschirg
4301061368,Hghmkioooooo
616897534,DaoistLeftNut
4302203489,randomguy01
4300855321,Jyoronjon
4300275408,oppaisenpaihentai
279550753,Henyee
4307070062,Rahul_Thakur_8713
4306695535,sososooososooso
4301345126,star_ocean
4314015556,Mohammad_mostafa8
4300407587,AndikaIndra
4302665904,Quentinql
970176706,helljumper
383178401,Marschmallow
4315091893,Lolz_Loolz
4300490767,Sword_saint
2931175942,Neotheni
4303194851,puukkiss
4300737206,MonarchOfSilence
4305964576,I_Love_Hina
4301472902,LogMetro
4312805437,Raikyodeus
4304516660,Aeternabilis
4309633881,Amer_Mahbub
4309427330,OloEyktan
4300371252,Sivil
4313849105,Trial_of_Humanity
4300750349,rockinroll39
4300285717,drefond
4305480833,Daoist922237
4302224322,McCringleberry
4314779264,nerdSupreme14
4318901524,HolyDreamer
4310837601,Saudi_Blackcat
4300733845,Shadow430
4302558998,JavaTari
4317186755,aigotcha
4308281802,Crimson_Assassin
3906405056,PurpleMagicCube
1687442577,daoistdunde
4301070298,daoistic_retard
4300443796,ItsThatGuy
4301496482,Chainman
4300766046,Daoist_Kitesh
1005670952,Maximilian
4301794589,kumarpavan021
2682338161,Afida15
4301284565,Aifray
2280600889,Dragonfumu
4300261939,BloodDrunken
4300123909,U_FOKIN_WOT_M8
4301858874,NewWebReader
4300790302,gianca
4300397469,Ren0Zero
4317593469,Modest_Shrubbery
1544920055,Hgarra
4311389042,Bellatrix_9535
4301074061,queenfern
4301789713,Sweet_cuppy124
4314201883,Fluffy_Fluffle
4315907237,Mira_Diem
4316026519,JeNwoye
4302424627,bolubee
4302579982,bookworm_101
4304799950,jemgem
4301149120,sinkingship
4309942515,ikemen_kui
4307748897,Timetogo
4306765497,Daoist280314
1939449611,MrsX
4316308124,Alias_scaleheart
4322170272,Duke_Asmodeus
4321605676,user123_4
4320683293,ThirdSen
4305250880,Kamijou_kaito
4318198478,Hidden_Paragon
4307627817,SherlockPXO
4322365559,Wild_Zeelo
4314789038,Lemon_Pope
4313108546,My_Penguin
4302295459,God_of_Nothingness
4317594475,Rayyyyyyyyyyyyyyy
4320224832,Lv9999
4320707473,OnlyTheTip
4320136820,Gavin_APYT
4304977502,ClearSkySage
4321510813,Rith911
4319166652,Alex081904
4321007446,Abolfazl_5601
4303826867,Mmunchkin97
4313402998,DaoistKPQJDo
4301848565,Anoscetia
4302291859,DidgitX10
4302572884,cccc56
4306541495,Gothic_Wolf
4312526614,sheilac2021
4300093824,Haiz
4304327562,cntwlk
4305353571,chipra90
4305945941,Adama_Camara
4317485254,Ninny_mai
4304480993,Taffy4U
4317505408,Moonorchid_
4301518910,gs_p
