accountId,accountName
4311428804,Darkfundip
4304762514,CanorBrando
4305905295,ImNotNarcissistic
4315278047,Awesome_Sauce_9607
4300570338,bookguy
2522397571,EkOmkar
4313312066,MirCat
4305073237,gejuraa
4312815000,Muuda
4311221188,Ouroboros001
4323222281,diabolic_diablo
4300460093,MidGard
4317733875,Shaun_H_5012
4305052365,peeyatotz
4305523993,Najika26
4301248121,Lady_Yunri
4307982176,Afia_Khoerotunisa
4319609061,Sev_cn
4304097478,pcchoubisa
4300500605,Augustdavis
4315868715,Objectively_Wrong
4314086823,Stacy_Carter_2525
4308186543,Oceano_Turtle
4320439522,PLEH_LUCIKEN
4303020710,Gorgeous_Strung
4300651169,andrwood
4303751121,Danieally
4313202551,Makayla_Morgan_7813
4314509294,Ary_Yulianto
4320616929,Ashley_Scott_1163
4312752076,Richard_Roundy
4302050621,Angheuse
4317186755,aigotcha
4316168395,Sil3nt_1
4313664923,Tanya_Winters
4301739595,merry79
4303972465,Lyuenaa
4310219654,Spades_1
4300283305,Samael61
4317364797,Nambi_Rajan_5205
4300540576,indiferente
4300745429,Dimas_0579
4157043419,LollipoPReapeR
4301163080,LastEmailDeleted
1709487714,GrandpaPeng
4306192411,Saaaahhhhhh
4302080513,Pan_D
4301691180,Red_Delin
4318394663,Daoist_Yang2
4302645930,MoreMercury76
4320969491,DaoisttG3KuY
4302538378,nynynyl00_
4306418374,Valven
4320969491,DaoisttG3KuY
4301103779,boov55
4317663489,ganberry
1899344563,moesbaryn
4301683732,Tyramisu
4312526614,sheilac2021
1566676820,thestatsguy
3133162805,wildemonsoul
4309197171,Winnie_Lau_9799
4320969491,DaoisttG3KuY
4302545033,bluehammer1997
4316455244,Jagruthi_14
4306801239,Exnutter
4303864895,payal26
4313910758,Willys_Wonka
4315654134,Jackson_Storm_2368
4300607324,Shielle
4306782958,HANA_4345
4300268517,Bellissama
4317375680,SanchezMague34
4309421103,AkshatArpit
4321321311,AlexisCain
4321412445,Lawrence_Florence
4314054994,Lord_Eggie
4313810902,nini_
4317984686,AnonymUser
915599307,PeerlessFatty
4322574855,Love_C_raft
4302761288,BlackRoseDragon
3298992742,Arkaon
4303136117,Roshnikumar_26
4310035201,Muthoni_Murira
4307567439,Kenji_Higuchi
4314807026,JudyWayne
155743455,FlamingLad
4308638335,fayala7421
4312028145,Anu_4926
1852830123,Cherchen
4300710049,ken878
4313124564,hartpeler
2867034535,BLACKPINK888
4315376422,Renee_Myette
4315268250,Addicted_Luna
4300012342,ReeLS
4302724992,Miisuki
4304963365,Wudai293
4301833351,pebam
4305524997,PoeticSonic
4318509967,Sharon_Editor
3595536164,Artur9jgtf
4301659252,Sudarshana9319
1356065873,ViniRedShadow
4320059382,liyidevi
4300028557,Tannychan
1695442541,prin_sesa0506
4323534268,BoomerJungle
4300690341,MiuNovels
4300185229,SinfuLeeCerebral
4313673021,oirCheerio6
1995061900,TheBlips
4323372236,shishylouise
4318382059,Elizabeth_Nwakamma
4313011511,IgnisX9
4038713917,Pope_Duca
2858641962,Ramiel_Aldebrand
4301935571,phsalesm
3984765666,leaf_nine
4300443404,Gladstone
4320969491,DaoisttG3KuY
4313557707,Rex_Lindsay
4300471054,yourfans
4323012430,VaibhavMishra
4309522579,Daoist207304
4309481137,Yuechan
4317385332,ash_03
4302374957,Lemmonn
4300212142,DeadSoil
4302899752,DoubleCoN
4318011872,Mitsuno_Seikaku
4304838696,juelann
4320969491,DaoisttG3KuY
4308930752,Lin_Foxfada
4300335784,emrade
3633899455,Kurama_is_tsundere
4313172795,Azurtha
3728746581,Bunny
4305123124,poojjaa
4320969491,DaoisttG3KuY
4300994361,Demonic_angel
4303531328,CutiePatutieBarron
1922241098,Sun_Ish977
4302322769,Empress_Perpetual
4318512603,sijispraseeth
4314075904,It_Is_Me_Ttt
4317662489,Carlos_Reniva_7702
4302902766,Kagewarrior
4320969491,DaoisttG3KuY
4314509214,Kristin_Peterson
4303241515,Mystery_Writer
4301979848,Karedelune
4300127484,pororo
4323601185,Aljosa_Muhic
4303436472,Albaraa_Sahl
4310701048,Chaosorder889
4315496930,Remoon
4306541495,Gothic_Wolf
4319259470,blessing_ajike
4301572992,mani_ash
4300228748,AzureWolf
4311749584,orriewalls
4313755163,ErectileReptile
4300091305,lordseven
4310969393,Jo_Maf
4316102127,carbque
4309385769,Someone_Or_Other
4314086823,Stacy_Carter_2525
4300799999,xskitzox
4301931155,kaorihime
4312965114,D_K_9532
3354765853,Lineage
4300329577,Innovation
2948293886,Immortal_Kumquat
4300405349,Swaning
4300756667,Nase
4301070298,daoistic_retard
4312238396,Shadow_Fall
4302645930,MoreMercury76
4304215448,allistar
4304124437,Aressie
1859563895,half_empty
4300517268,EternalAngel
1189721505,YiWa
4304989563,Quarantinne
4300658536,NewGuy
4309443380,ChillandReadaNovel
4310954921,abby_123
4316759027,Marcy_Martin
4318058334,Silent_But_Dudley
4302895435,justAhater
4308156010,xhrey_gupta
4313816789,Tomi_Lola_4187
4301399962,Yuzukikazehaya
1855596403,GodHacker
4308246429,Joe_Blow
4300992635,NunuXD
4306865893,Plot_Armor
495231643,Spelloyal
4314407100,Filler1_Name2
4306017973,LuxShi
4300025941,Pyxoris
4319661318,kinji_yun
4302007890,xAlexiax
4317866107,Samm_Joo
4307504819,Kathira
4314633388,DaoistscZx6q
4318282741,Oswaldjosue
3259159701,Immortal_Goddess
4313522653,Chryssa_S
4321842819,charredcarp
4305977821,ellezar_g
4315083433,Jay_Corbitt_0777
4311842339,Chickenman_manz
4300164524,KaidoDLuffy
4318805774,Teresa_Hernandez_1834
4315848073,Karen_S_Sergent
167567258,Lazy_Kizu
3662524763,louisjacq
4309169590,Robert_Tabor
4316061945,Althea_Diona
4320660278,Stormeyy
3490058044,Dahksahna
4301920164,Lia_Xingxi
4313849105,Trial_of_Humanity
4305747983,UnknownRose
4320845992,Midnight786
4319923663,Glory_Anedo
4319437467,Aescwine
4316736295,Roronoa_Zoro_1581
4309577684,Dizzy_Flores
4323700943,Cj_The_Depressed
4316173483,mimikyu
4316407041,jonathan_wise
4307748897,Timetogo
4305310445,yan07
4308719625,uflesh940
4300557964,BizarreImpulse
4318502469,Zielius
4313276534,Shaiza_Apple
4314924500,Disebo_Lekaota
1209125832,NinjaSkaal
1088928038,Blacklotus
4304343304,ranimah
4311004144,MagicalCookie
3628762205,asaade
4305505013,Sissine
4316122913,OmnipotentChicken
4300146396,trick_or_treat
4315952709,King_Admiral_
4300090366,Raichelle
4324296395,James_Bond_2263
4312901562,Bird_Of_Paradise
4310706651,Katherine_Wanjiru
4301648233,BlackArchangel
4312402073,cbwolf99
4306618240,Krozam_00
4306643699,Small_Otaku
4314685716,anayarao070
4315605219,Rui_Achiera
4301541089,Jason17401
1035661574,TheAmbrosius
4301307134,runman7012
4313579998,Bhavya_Grover
4300212553,Daoist_Foodie
4303222938,Peripheral
4300069603,fairytail72
4308062138,Minanana
4325795316,Rei_AtticusX
4314481025,Jeane373883
756685301,reikaaa
4312870784,BalefulAura
4315460740,Allen342
4026396284,Hell
4300148880,dear_insanity
4317817219,Mague_Sanchez
4304542838,AngelicaN1207
4311499840,Carmela_Curry
4301425420,AsurasTear
4316031886,KUMI
4308857679,Sparky1323
4305569507,Own
4300456769,Kairi645
4313299609,Slushy_Apollo
438314049,Shiraishi
4316708307,SEP1A
4313188180,Oksana_Gerten
4302830034,Yokubo
4316188056,seth4bucks
4320969491,DaoisttG3KuY
4318152439,Retr09007
4300818461,SorcererCat
4315957947,Capricila_25
4303324480,MilkGod
4301449192,Typhlix
4311310496,Rurijichann
4302666576,CuriousEnigma
4302322769,Empress_Perpetual
4318665057,Nathan_Doku_0425
4302110893,Arkage
4320969491,DaoisttG3KuY
4314086823,Stacy_Carter_2525
4302079409,joi_orams
4307857913,Kumiko_R
4322342409,Vegardmk
4307522136,Nils_Grahl
4313254478,KingMoMega
4301302396,MC_Darwin
4301103025,sweet_mind
4302631145,AdaSyuha05
4315083433,Jay_Corbitt_0777
4300423322,Fiaran
4315793356,KahThelOs
4309288559,whaaatsherface
4302807098,Lavica
4315158053,Raj_Shah_7152
4320459067,BoriCats
4300453228,MiddleEastern
4318865282,ctleans
1060757826,weebwoof
4307858571,Sword_1mmortal
4322861255,_ned_
4309678277,Mukilan_Manimaran
4305698519,Moana44
4305738412,Paripreity
2469959923,Kris_Liu
2200666340,kiboski
4318018993,Bryanna_Kane
4317440762,Simeon_Charles
4303403016,Fufufaduma
4323582967,Muktar_Ibrahim
4306188855,Ariana_Sawyer
4318221231,Alex_7892
4315337933,Aldrighi
4314534526,Nutcruncher_442
4301079682,phoenix_8888
4318828076,Yatendoouji
4320969491,DaoisttG3KuY
4302413007,maya179
4321732528,Wu_Lifan
4303542303,grace674
4300228546,GotMeAFatLady
4314520724,xMagicBagsx
4302185824,APigCalledMorris
4317269428,BLACK_KIRITO
212725748,Junkies
4311839180,Dragon_5081
4312070674,hellen_sendan
4300210176,marda1
4320142916,Beaniebaebie_T
4301621785,mina_here
4301965409,noBiggie
3259159701,Immortal_Goddess
4316996640,oldmanwintr
2499873743,Kenrio
4319412554,Ovierode_Igoru
4305468678,Yokashi
4300677011,HeavenlyMarks
4303521346,SitOnBread
4322735547,Binge_athon
1425683060,Inoue
4300246221,Bromelth
4300765917,AimanFaroqq
4301079682,phoenix_8888
4314853343,Mary_Ajumobi
4311216508,Reda_Aeuio
4307367920,Heliard
4312415872,Alkor_Crowly
4319725284,811_Arya_Baliga
4320969491,DaoisttG3KuY
3803418550,Kergonan
4306148841,Bobisameme
4303012788,Depresso
3706009067,painho
4318243433,DaoistRinPim
4322189280,loopgirl08
4305747000,ilovejudith
4317922656,Geegollymiss_H81
4323166940,Iajehc
4315409320,marijam
4304832352,LokiMaster
4324364301,Op_FTW1
4318843018,CSManga
4305738412,Paripreity
4322013960,Sofiat_Animashaun
4304626976,StressedByHW
4321722278,Rebeca_Secic_9977
4314671821,Uzowei_Tehillah
4301936454,RainbowGreen0013
2917807997,GregLuck
4302086769,SnowDrop_
4305926252,Super_Girl_Edits
4316087491,Shimul_Chowdhury
4315804504,Radioactive_Noodle
4305657458,Pari_865
4320086305,Kay_Vee22
4320969491,DaoisttG3KuY
4318601678,LegendarySaber
4312360050,NiceGuy
4322761865,littlebunny14
4311340535,ABeautifulEvil
4319842256,Kinshikanata
4302279024,Rowanmdm
4315637718,Kelly_Starrz
3287472367,shashumga
4300276046,MidnightBloom
4309942515,ikemen_kui
4318037574,Alicia_Belato
4318281077,56098h
4305771937,HeeHooHaa
4306357754,Gabriel_Rodrigues_4008
3259159701,Immortal_Goddess
4314621322,duo22
4300405712,MysteriousGodMan
4320993269,choperluff
4306362898,KacbRe
4311802739,newy_kidude
4316824252,ega_15
4309629003,Thomas_Flynn
4301777095,Senku_Gen
2309541274,theragingpanda
4311684689,AshtynKC
4305459267,Anoop_Singh_7138
4314032675,Thee_AngryBird
4303715817,luhluh19
2464031475,evengaar
4311083508,Hades_of_Pluto
3845947466,Jacynto
4308384393,FS_99
4305622275,Yuki_hime
4300018275,TheSlothLord
4320624295,Gamergurl1
4300516578,moehawkman
4316537400,Quietfuzzball_8
4300281348,AsianLadyBoy
4320116611,SuzeCharm
4311348738,Nyxus_
4305733842,rskdrama
4304343304,ranimah
4319769800,DaoistHnRXwB
4315708596,Fantasy_king
4323215573,Name_Less_1171
4323232228,Arsenal_005
4311462846,Kitty2Coven
4304044745,mahapara
4306323351,dndeath
4301590339,ThorAegir
4316480114,Missy_Sio
4309303202,HeartOfAServant
4301474725,WuXieNing
4311702478,Nikte_Gongora
4300989644,EsliEsma
3878497027,Feyr
4322955667,DaoistJpS4RG
4300828018,Chaosreigns
4322970747,Namasaya
4306623535,Maia777
4310054574,YueLqn
4303215629,Anshika111
4323109095,Reena_Paudel_6479
4300876495,Arkentos
4319257339,Rina_Jen_Vitor
4323597035,adesakin_adeyemo
4301853890,kishko
4317963418,Iseeyou
4314132210,Ethanquiv
3782771616,ValentineXIII
4318178344,shadowknight57
3257953176,NightcoreNewbie
4313143064,WrongerMonk_10
4305493343,Bayleebae
4303439682,Arthur_Rocha
4316688932,Secret_Cutie000
4300632846,huahua
4314307023,Lare_Bear
4306340559,Akeisha_Blaire
4312784905,Elise_Burton
4311351432,Zawad_Alvee
4309684999,Hopkins
4315297928,TempeGoreng
4302642107,marigould
970176706,helljumper
4300072591,auceptin
3668725355,RukitoRin
4318556432,X_X_I
73484049,Daoist_Zheng
4310405174,Yash_Mayank
3628762205,asaade
4320237286,RanniTheWitch
4317048689,Xeon_17
4300888523,Rumon
4315099616,Dream_Seeker_729
4314827640,sazorix28
4311995069,Daniel_Kalil
4315369509,Wallflower_Monk
4304705657,Daoist442968
2797090069,Sunnybee123
4315255936,Eclecticlti
4321654980,Child_Beater
4314086823,Stacy_Carter_2525
4301170630,Boopsi5
4300143191,jhingxd
4309347299,Leni_Purwanti
4306680911,ch3nn
4300625245,DemonizedDemon
4303803743,TheMelo
4323423488,Mafia_Honey1001
4311220636,Ash_AK
4315112733,jackmyst_13
4311752882,Apostle_of_Noice
4321766585,Safronox
4318826700,Malificent_Ch0u
4303474965,Hannah_Macacua
3975132076,SilentByakko
4315256863,DespinaNY
4311462846,Kitty2Coven
4315644765,SherlockRei
4311375715,Void_Scholar
4305028579,AvaCeciliaGrace
4315843674,Jackie_Oppongs
4320969491,DaoisttG3KuY
4318793813,Kim_Sungyeol
4317553894,gutorbit
4300805734,Chion
4307760827,Shadow_Wolf_0065
4240679636,GarlicNoodle
4311055954,RatselRiya
4305512985,PhoenixDream
522823476,Fraisier
4300371920,Fille22
4320969491,DaoisttG3KuY
4302214073,Staria_
4313409352,Lira_3047
4306576142,TheCabbageLu
4300024414,Number1_sama
669541259,BookWorm313
585177858,Juto
4318897148,brother_of_Thor
4314779264,nerdSupreme14
4315962575,Ossa_Bellator
4311706220,MediocreSkater
4300344671,Jess_kb
4314358499,msShei702
4300632873,HaveSomeTea
4308511928,Ravindra_P
4318016009,shubh_gupta
4300560151,x_x_x
4302155624,Ann_Mary_David
4300441042,Exallion
4300729034,InvicibleGod
4300405037,Dotakiin
4306667152,Voidsaint
4308358858,MonJoe
4319091982,Nazara_Hills
4307948188,John_Annex
4318391196,_Agatha0_
4315627783,Okwa_dat_Igbo_girl
2683498938,EldridSmith
4303360380,rd4444
4320969491,DaoisttG3KuY
487223203,PieDuck
4300244738,Fenn
4313803902,Enticement
4319045239,Kat_Lex
4314173748,Ursi1la
4311629477,Supriya_Santha_3557
4300437496,HyeChoii
4309361554,asianbeauty
2763773151,DeathLingers
3259159701,Immortal_Goddess
4303357099,Tetractys
4306680583,GifflarGod
2334206294,dragonplague
4316043491,MiracleFactory
4316451259,Depressed_Buddha
4308547280,Shadow_Serpent
4115437825,JuhuFrog
4319857848,Domslayer458
4300611455,Ezy_Calliope
4318758994,Ezra_Kiel
3140065983,Mitico
4323948874,Blue_Natsu
4323204232,Han_Leeah
1106688514,KeyLessHeart
4318814337,PandaCCat
4320033230,DaoistTm12ED
4309179656,Giovanna_S
1656784384,wadung
4300184363,eliah
4312077369,PilgrimJagger
4225266352,DantalianNote
4313497564,DaoistCWYBi6
4301233844,Awespec
4319745468,Champion_collector
4320776505,Kont_Archimedes
4314801254,TheTavius08
4306610716,tomhg38
4302364987,Gallant11
4317817219,Mague_Sanchez
4307945454,minutesmaid123
4304355660,eroryu
4303194851,puukkiss
4300430442,Sovereign_of_Books
1770479081,DaoistJi
4319821457,Tash_Jack
4315275581,FadeKnight
4316305542,Lenore_Hagood
4302914825,RebeccaJWW
4311524154,Ideal_Beauty
4311695212,TheWoodsman
4311890651,moadeep
4314144293,Patty_PM
1988600673,Tibbles
4310550567,himesan
4300190905,ImmortalAutarch
2069079569,zouave
4318817554,Mardakom007
4312436838,Antoinette_Elorm
4316214561,asdasdssf
4314977964,Kuroko_aoi_3286
4307970310,Jasmine_Quin4251
4321693629,Xander_Vick
4305840370,dan_parel
4315123722,Power_stone
4301906611,budhist
4321692507,Daoistzgb9l6
4318282741,Oswaldjosue
4301893094,BattleLord
4304969823,BookWorms007
4301011508,Zdailey15
3909143768,ExodusGaming555
4300632846,huahua
4313108546,My_Penguin
4305662219,galactic
1566676820,thestatsguy
4301939438,brendorc
4301458821,94owl
4313789865,TheWandaShip
4314723870,MONJURUL_ISLAM
4311219329,Erica_Abiso
4320969491,DaoisttG3KuY
4315080002,Cyeven
3730704220,troutrun
4314031458,DaoistTamashii
4315170171,yk_new
4312041284,The_stolen_peach
4300812797,newthings
4322574855,Love_C_raft
4316874160,G193519_mdawg
4320969491,DaoisttG3KuY
4310164128,_BoredToDeath_
4309876663,ReadingFiend
4300500850,Luloli
4323097047,JustAFailure
4320969491,DaoisttG3KuY
4300507267,Matkiy
4322654639,Lei_Vi
4310350320,Eva_999
4320969491,DaoisttG3KuY
4316606435,MR_FOOL_
4301739595,merry79
4314153622,Racingokie
4320148111,Lil_Amore
1870992316,Archena
4313140236,Azathoth2
4318980885,Deborah_ashofor
4322688379,Timz11
4316345694,MonsieurFacts
4302719185,daoi13
4318363218,Kathy_Allison_0838
4300632846,huahua
4322370003,Akarui_9540
4300665350,babymariemagnet
4315426008,Roinuji
4314709934,SealDeity
1971485515,Happyftw
4300816787,moondark
4300030259,danae939497
4312999581,Gan_Ming_Geok
4320969491,DaoisttG3KuY
4301779651,DanielNox
4302394679,Labani
4308124694,chilia_co
4305552080,shuckyreads
4307916230,MrNewbie
4317204178,AWESOME_01
4314472296,procye
4300450854,JMA1
4318769945,SorryImJustDiamond
4315147011,Ashton_A
4306382583,Caina_Rong
1979823024,Aswong
4315536330,Jasmine_Khadka
4304765040,WhiteZz
4313228441,Zoro_The_Dark
4314807903,GODofINFINITY
4318405070,_ZypHer_
4321327595,Churchill_Belleza_9467
4301128092,InHisName
4304974921,opearl
4317102713,Frostee_Flamey17
4301789734,Lerfy
4320291586,Katherine_Elmore_1263
4306641864,HajimexYue
4306476585,BaeVida
4317219109,morhtrem
4302135732,Kim_Min_Young
4016345766,NewCultivator
4300319522,Brian70707
4301161161,AtticusChea
4317711938,Alyssa_Divino
4321906315,Mhiz_Liv
4314332535,Java_Plays
4300190646,Screaming_Buffalo
4318549590,Daoist_sleepy
4181362536,a_a
4304257647,NoNammm
4305340546,Catrosious
4313395194,yfc_aztigmae
4304257647,NoNammm
34151733,PiD
4320969491,DaoisttG3KuY
2562546505,Memoria
4314586721,TheUrbanKing
4311462846,Kitty2Coven
4320628821,Gojo_Dazai
4301615889,RJBehemoth
1271820486,Mute
4321341891,GreaterForce
4319807598,BeccaBitesBack_3
4303425009,EternalEden
4301181978,Doveycrab
4314452081,BlackRobe
4311099474,BigMarch
2348231896,RedKaizer
4307404939,asaade9999
4321933031,CQuTC
4300725423,PotatoGodofTime
4300525049,Salamin
4301398404,kate_it
4311570614,Viki_Wi
4322095062,Dana_Lawson
4303404881,Christodia
4305586871,YeFool
4302266095,monique4
4314941236,D_King_6872
4322730837,Yoshitaka_Fukuda
4321509302,ETERNAL_CHAIR
4312480705,GCarre
4310986395,augustwrites
4315818122,Magecrafter
2007416755,Rouedkaross
4322628681,alex_Valhalla
4300110140,dianamy
4300508687,AsimiLykos
4300291228,IamGAwesome
4315668451,Anonymous_Seeker
2682338161,Afida15
4320931521,Mickaelle09
4323347613,Morningstar_novel
4314524562,MajidX200
4320969491,DaoisttG3KuY
4300338685,Victor_Fiusa
4300022939,Thanathos
4300038752,DestroKind
4316314472,gilbert_17
4300168332,Biako
4317804144,Super_girl_25
4313996728,Suck_my_popsicle
3941127591,LaoTze
4321073060,Arezou_Fakharzadeh
4321927331,Ron1n
4322795016,HoneyDewtxt
4300013253,TribeOfOne
4316867671,huomian1235
4324491249,Daoist_sweetdemise
4302663530,Hanaiam
4300326166,Cobyboy
4300218801,wefewfred
4324684711,Uzoyibo_Esther
4315992063,Immortal_Soul_King
4300248707,DeanZ007
2175902657,Mithren
734279174,RadikX
4318018867,AberrantExistence
4305727697,Hira_Ikhlaq
4312398805,Seth_Toney
4315442906,mayank_singh_9502
4302580458,SeagullWatcher
2010694967,NoNameJustFame
4306875605,noobielliom
4301723985,rosyrishi
4309989616,Reddsaint
4320060558,Faliaxa_Da_Boi
4302761288,BlackRoseDragon
4312278549,Evelcior
4302875572,damilon
4319590114,Daoist_Kaito
333005196,R_P
1814267849,Kilaske
4305178227,YoungMaster_MtTai
4303641003,Novel_love00
4317648729,SimMermaid
2114175927,Darkdelusion
3588519800,WillBrace
4309080436,BrokenBrain
4317224930,rawthentic
4301603006,avidreader1
4304095212,Waves09
2950025030,CaptainBunny1
4302079276,Lorddagz
4315442295,ice_princess42000
4318769786,2_Chey_9
4318224744,Orange_Juice_9579
4316295955,Ori_King
4314646014,MYTH_
4300515636,nievee
3218282057,Amatsu
4303947827,Little_Xi
4301443966,WillTheThrill
4318380970,1Bark
4315054169,HintermeierChristi
3674742125,zhenlo
4317874284,Lonely_Nana_
4309173228,_Gavi_
4321166067,Kway
923715883,Urcaen
4327580599,rapoya76
4320191238,ape_nguinta
476557559,Nre
4310147408,ChaosZ
704148995,Samhain666
4319268367,MelPastor
4309077172,Da_TuTuR
4300989644,EsliEsma
4311330893,Sola_Kehinde
4314810872,Grifdacier
4307245975,Vincy_R
1172038063,Dezzter
4305408873,BlueSniper
4301159981,T3AR
4300323027,zaijuro
4301358129,ebonyandlace
4311462846,Kitty2Coven
4301145293,TwistedLove
4314427417,Cellphone
4308053986,Vividly_Dawn
4308683368,User177785
4312594863,Anna_JL
4305662140,Nikhil_Chand
4317276526,sareetavatrai_1
4301015487,AAA001
4305720832,IsekaiAddict
4303470801,Mokshyaaa
4303133555,HentaiVeteran
3933220054,Rhythm_of_Regret
4314028025,Fallnus
4316393142,BlackRoger
4307858571,Sword_1mmortal
4318710890,its_L
4312722523,tanu_sam
4300228748,AzureWolf
4316223995,Qafar_Jhon
4311554438,Kelator
4301407680,Sanavi
4320969491,DaoisttG3KuY
4314280026,Lazy_Lizi
4317176853,Maharani_5616
4320619373,Lusio_Tanoa_6920
4305454843,priy17
4316281232,mariadca
4325860848,ReaderYeti
4300995864,SliverFang
4302843026,201289201289
4316490411,Zoe_Ranouil
4316745168,boomeyoo
4313213031,ZoMeow
4300611455,Ezy_Calliope
4324110206,akhil_Roy
4324066627,BlueBriNel
4300134450,PoeticPenguin
4311264992,Na_Lu27
4320931521,Mickaelle09
4302670912,T3MPURR
4315114631,Yagaht
4309522579,Daoist207304
4308427398,GooseOverlord
4305041843,May1st
4318532901,torelei
4322695968,Filipm177
4315830726,gg_gg_7901
4309427330,OloEyktan
901098171,starking
4322904315,Christine_Leo_2212
4306467149,Mirabel_Butler24
4312886082,Poisontester_Vc
4313604548,Michelle_Hallee
4319600279,Baka_asta_
4319897553,Kaizou_Koi
4301266430,bluebird1604
4101618185,hana311
1200917,MistyFB
4301963517,ifybaby03
4310166686,ProOrcas
4304343304,ranimah
742778542,JustAGhost
3588196474,Lightscribe
4314785106,Aditya_Patel_0301
241142573,Arkinslize
4300317757,Kimochi_Warui
1781909594,Lonelytree
4312690401,brandon_boehlke
4300370059,CleberCB
4300336758,Daoist_Jie
4301186161,EatBBQ
4305349476,astraea_
4314023325,thakarriddhi11
4306368363,Hemant1501
4318920585,TuXueXiaoCanYong
111541469,PredaKing
4317993795,Red_Venerable
4304343304,ranimah
4301063463,ResidentialPsycho
4300044913,honorablestickynwt
4306547847,Galetron
4313187993,Hurricane_12
4301803772,Emilly_y
4306080151,ACE_KinGz
4300515488,alexbabyyahoo
4314105546,Tawny_Babcock
4302465454,Aether07
4303932211,RkArnold
3850824533,Pristine
4311605772,Cori
4321223529,troublesome_writer
4302306431,MissIcycel
4308860160,Zuzu969
4310383750,Immaculate_Murira
4306332309,HolyDragon17
4322383099,BossJohnny
4317624428,Benjamin_Obiakor
4322165189,gamer0625
